generic_name,brand_name,drug_class,primary_fda_ind,other_fda_ind,available_strengths,moa,dosing_regimen,side_effects,boxed_warnings
Levothyroxine Sodium,"Synthroid®, Levoxyl®, Levothroid®",Hormone / Thyroid,Replacement therapy for reduced or absent thyroid function,,"25, 50, 75, 88, 100, 112, 125, 137, 150, 175, 200, 300 mcg","Unknown, synthetic form of the thyroid hormone, thyroxine (T4)",25 to 300 mcg po qday,"Fever, hypoglycemia, heart failure, fluid loss, tachycardia, anxiety, and insomnia",Weight reduction: should not be used for the treatment of obesity or for weight loss
Atorvastatin Calcium,Lipitor®,Antihyperlipidemic,Hypercholesterolemia,,"10, 20, 40, 80 mg","Selective, competitive inhibitor of HMG-CoA reductase to reduce TC, LDL, apoB, and TG levels and increase HDL",10 to 80 mg po qday,"Constipation, diarrhea, dyspepsia, flatulence, muscle pain",
Omeprazole,Prilosec®,Gastric Antisecretory,Duodenal ulcer,"Esophagitis, GERD","10, 20, 40 mg",Proton pump inhibitor that suppresses the H+/K+ ATPase enzyme system at the gastric parietal cells,20 mg po qday,"Back pain, cough, constipation, rash, and dizziness",
Losartan Potassium,Cozaar®,Antihypertensive,Hypertension,,"25, 50, 100 mg",Angiotensin II receptor blocker (ARB); block the vasoconstrictor and aldosterone-secreting effects of angiotensin II to the AT1 receptor,50 mg po qday,"Upper respiratory infection, diarrhea, dizziness, nasal congestion, and cough",DO NOT USE DURING PREGNANCY.
Amlodipine Besylate,Norvasc®,Antihypertensive,Hypertension,,"2.5, 5, 10 mg",Calcium channel blocker (CCB); inhibits the influx of Ca2+ ions across cellular membranes of vascular and cardiac tissue,10 mg po qday,"Edema, flushing, headache, fatigue, and abdominal pain",
Gabapentin,Neurontin®,Anticonvulsant/Antineuralgic,"Partial Seizures, Epilepsy",Postherpetic Neuralgia,"100, 300, 400, 600, 800 mg","Unknown, structurally related to the neurotransmitter GABA",900 to 1800 mg po per day in 3 divided doses,"Somnolence, dizziness, ataxia, fatigue, nystagmus, tremor, diplopia, rhinitis, blurred vision",
Lisinopril,"Prinivil®, Zestril®",Antihypertensive,Hypertension,,"2.5, 5, 10, 20, 30, 40 mg",ACE inhibitor; inhibits angiotensin-converting enzyme (ACE) to suppress the renin-angiotensin-aldosterone system (RAAS),20 to 40 mg po qday,"Dizziness, headache, fatigue, cough, and diarrhea",Fetal toxicity: can cause injury and death to the developing fetus
Metformin Hydrochloride,Glucophage® (XR),Antidiabetic,Diabetes,,"500, 850, 1000 mg; (XR) 500 mg, 750 mg","Biguanide, improves glucose tolerance, decreases intestinal absorption of glucose, suppresses hepatic gluconeogenesis, and improves insulin sensitivity",500 mg po bid or 850 mg po qam,"Decreased vitamin B12 absorption, LACTIC ACIDOSIS, diarrhea, vomiting, nausea, flatulence, anorexia, bloating, and an unpleasant metallic taste","LACTIC ACIDOSIS: risk factors include advanced age, use of radiological contrast, surgery, hypoxia, alcohol use, and hepatic impairment"
Sertraline Hydrochloride,Zoloft®,Antidepressant,"Depression, OCD",,"25, 50, 100 mg",Selective Serotonin Reuptake Inhibitors (SSRIs); inhibits CNS neuronal uptake of serotonin,50 mg po qday,"Nausea, diarrhea, dyspepsia, tremor, dizziness, insomnia, sweating, dry mouth, or male sexual dysfunction","ANTIDEPRESSANTS INCREASE SUICIDAL THOUGHTS AND ACTIONS IN CHILDREN, ADOLESCENTS, AND YOUNG ADULTS."
Escitalopram Oxalate,Lexapro®,Antidepressant,Depression,,"5, 10, 20 mg",Selective Serotonin Reuptake Inhibitors (SSRIs); inhibits CNS neuronal uptake of serotonin,10 to 20 mg po qday,"Nausea, somnolence, insomnia, diarrhea, ejaculation disorder, increased sweating, dizziness, and impotence.","ANTIDEPRESSANTS INCREASE SUICIDAL THOUGHTS AND ACTIONS IN CHILDREN, ADOLESCENTS, AND YOUNG ADULTS."
Furosemide,Lasix®,Diuretic,Edema from Congestive Heart Failure (CHF),Hypertension,"20, 40, 80 mg",Loop diuretic; Primarily inhibits reabsorption of sodium and chloride in the thick ascending loop of Henle,20 to 80 mg po per day in 1-2 doses,"Dizziness, orthostatic hypotension, dry mouth, HEARING LOSS, nausea, vomiting, WEAKNESS, MUSCLE CRAMPS, paresthesia, ANEMIA, photosensitivity, purpura, rash, and hyperglycemia","Fluid/electrolyte loss (oral solution, tablet): can lead to a profound diuresis with water and electrolyte depletion"
Trazodone Hydrochloride,Desyrel®,Antidepressant,Depression with or without anxiety,,"50, 100, 150, 300 mg",Serotonin receptor antagonists and reuptake inhibitors (SARIs)/Atypical antidepressant; inhibits serotonin uptake by brain synaptosomes,150 mg po per day in 1-2 doses,"Drowsiness, dry mouth, hypotension, dizziness, confusion, fatigue, headache, priapism, nausea, and vomiting","ANTIDEPRESSANTS INCREASE SUICIDAL THOUGHTS AND ACTIONS IN CHILDREN, ADOLESCENTS, AND YOUNG ADULTS."
Amphetamine and Dextroamphetamine Salts,Adderall® (XR),CNS Agent for ADHD,Narcolepsy ADHD,,"5, 7.5, 10, 12.5, 15, 20, 30 mg","Unknown, CNS stimulation by a direct action on adrenergic receptors, releasing norepinephrine",20 mg po qday,"Restlessness, dizziness, insomnia, euphoria, tremor, headache, palpitations, tachycardia, dry mouth, unpleasant taste, diarrhea, constipation, and anorexia",CNS STIMULANTS HAVE A HIGH POTENTIAL FOR ABUSE AND DEPENDENCE
Hydrocodone Bitartrate with Acetaminophen,"Lortab®, Vicodin®, Norco®",Opioid Analgesic,Pain,,"5/325, 7.5/325, 10/325 mg APAP",APAP: inhibits prostaglandin synthesis in the CNS and blocking pain impulse generation in the peripheral nervous system; Hydrocodone: produces central analgesia via action on the central opiate receptors,1 to 2 tab po q4-6 hours prn,"Dizziness, drowsiness, constipation, nausea, or vomiting","OPIOIDS CAN BE ADDICTIVE, ABUSED, AND MISUSED, WHICH CAN LEAD TO OVERDOSE AND DEATH. SERIOUS, LIFE-THREATENING RESPIRATORY DEPRESSION MAY OCCUR. ACCIDENTAL EXPOSURE CAN BE FATAL, ESPECIALLY IN CHILDREN. USE IN PREGNANCY CAN CAUSE NEONATAL WITHDRAWAL SYNDROME. CONCOMITANT USE WITH BENZODIAZEPINES, ALCOHOL, OR OTHER"
Famotidine,Pepcid®,Gastric Antisecretory,Duodenal ulcer,GERD,"20, 40 mg","Inhibits histamine at the H2-receptors, including on gastric cells",20 to 40 mg po qday,"Headache, dizziness, constipation, diarrhea, and transient irritation at the injection site",
Duloxetine Hydrochloride,Cymbalta®,Antidepressant,Depression,Neuropathic pain,"20, 30, 60 mg",Serotonin-norepinephrine reuptake inhibitors (SNRIs); inhibit neuronal serotonin and norepinephrine reuptake and weak inhibitor of dopamine reuptake,40 to 60 mg po per day in 1-2 doses,"Nausea, dry mouth, constipation, insomnia, dizziness, diarrhea, decreased appetite, fatigue, drowsiness, sweating, vomiting, blurred vision, and erectile dysfunction.","ANTIDEPRESSANTS INCREASE SUICIDAL THOUGHTS AND ACTIONS IN CHILDREN, ADOLESCENTS, AND YOUNG ADULTS."
Simvastatin,Zocor®,Antihyperlipidemic,Hypercholesterolemia,,"5, 10, 20, 40, 80 mg","Selective, competitive inhibitor of HMG-CoA reductase to reduce LDL and increase HDL",10 to 40 mg po qday,"Constipation, muscle pain, dyspepsia",
Bupropion Hydrochloride,"Wellbutrin® (SR, XL), Zyban®",Antidepressant,Depression,Smoking Cessation,"75, 100 mg; (SR) 100, 150, 200 mg; (XL) 150, 300 mg",Norepinephrine and dopamine reuptake inhibitor,(XL) 150 to 300 mg po qday,"Dizziness, constipation, weight loss, dry mouth, insomnia, sweating, agitation, and tremor","ANTIDEPRESSANTS INCREASE SUICIDAL THOUGHTS AND ACTIONS IN CHILDREN, ADOLESCENTS, AND YOUNG ADULTS."
Albuterol Sulfate (inhalation),"Proventil® HFA, Proair® HFA, Ventolin® HFA",Bronchodilator,Relief of bronchospasms (asthma),,90 mcg/spray,"Short-acting beta-2 adrenergic receptor agonist (SABA); stimulation of beta-2-adrenergic receptors to relax bronchial, uterine, and vascular smooth tissue (bronchodilation)",2 inhalations q4-6 hours,"Nausea, vomiting, nervousness, headache, insomnia, tremor, dizziness, hypertension, tachycardia, and palpitations.",
Metoprolol Succinate,Toprol-XL®,Antihypertensive,Hypertension,CHF (NYHA Class II or III),"25, 50, 100, 200 mg",Beta-1-adrenergic receptor blocker (cardioselective),25 to 100 mg qday,"Dizziness or fatigue, depression, shortness of breath or bradycardia, pruritus, and diarrhea",
Apixaban,Eliquis®,Hematological Agent,Reduce risk of stroke in Atrial Fibrillation,,"2.5, 5 mg",Selective inhibitor of Factor Xa to decrease thrombin and thrombus formation,5 mg po qday,"Bleeding events such as contusion, hemorrhage, hematoma, and gingival bleeding","PREMATURE DISCONTINUATION OF THERAPY INCREASES THE RISK OF THROMBOTIC EVENTS. USE CAUTION IN PATIENTS UNDERGOING SPINAL/EPIDURAL ANESTHESIA, ESPECIALLY THOSE WITH INDWELLING EPIDURAL CATHETERS."
Hydrochlorothiazide,Microzide®,Diuretic,Edema from Congestive Heart Failure (CHF),Hypertension,"12.5, 25, 50 mg",Thiazide diuretic; inhibits the reabsorption of sodium and chloride at the distal renal tubule,25 to 100mg po qday in single or divided dose,"Dry mouth, muscle cramps, nausea, vomiting, anemia, weakness, dizziness, orthostatic hypotension, anorexia, GI distress including diarrhea and constipation, hyperglycemia, photosensitivity, rash, and transient blurred vision",
Pantoprazole Sodium,Protonix®,Gastric Antisecretory,Gastroesophageal reflux disease (GERD),Heartburn,"20, 40 mg",Proton pump inhibitor that suppresses the H+/K+ ATPase enzyme system at the gastric parietal cells,40 mg po qday for up to 8 weeks,"Diarrhea, headache, flatulence, and rash",
Tramadol Hydrochloride,Ultram® (ER),Analgesic,Moderate to moderately severe pain,,"50, 100, 200, 300 mg",Binds to m-opioid receptor and inhibits reuptake of norepinephrine and serotonin,"50 to 100mg po q4-6hrs prn for the relief of pain, not to exceed 400mg/daily","Dizziness/vertigo, nausea, constipation, headache, somnolence, vomiting, pruritus, CNS stimulation, asthenia, sweating, dyspepsia, dry mouth, and diarrhea","Risk of medication errors; Addiction, abuse, and misuse; Opioid analgesic Risk Evaluation and Mitigation Strategy (REMS); Life-threatening respiratory depression; Accidental ingestion; Ultra-rapid metabolism of tramadol and other risk factors for life-threatening respiratory depression in children; Neonatal opioid withdrawal syndrome; Interactions with drugs affecting cytochrome P450 isoenzymes; Risks from concomitant use with benzodiazepines or other CNS depressants"
Carvedilol,Coreg® & Coreg® CR,Antihypertensive,Hypertension,Heart Failure,"3.125, 6.25, 12.5, 25 mg; (CR) 10, 20, 40, 80 mg",Beta Blocker; nonselective beta-adrenergic blocking agent (reduce cardiac output and tachycardia) with alpha-1-adrenergic blocking activity,12.5 mg po bid,"Dizziness, diarrhea, bradycardia and hypotension, hyperglycemia, and visual abnormalities occur in treatment of congestive heart failure",
Rosuvastatin Calcium,Crestor®,Antihyperlipidemic,Hypercholesterolemia,,"5, 10, 20, 40 mg","Selective, competitive inhibitor of HMG-CoA reductase to reduce TC, LDL, apoB, and TG levels and increase HDL",5 to 40 mg po qday,"Myalgia, constipation, asthenia, abdominal pain, and nausea",
Fluoxetine Hydrochloride,"Prozac®, Sarafem®",Antidepressant,Depression,,"10, 20, 40 mg; 90 mg weekly",SSRI; blocks neuronal uptake of serotonin,10 to 40 mg po qday,"Nausea, insomnia, anorexia, headache, nervousness, drowsiness, tremor, diarrhea, sweating, asthenia, decreased libido, abnormal ejaculation and fatigue","ANTIDEPRESSANTS INCREASE SUICIDAL THOUGHTS AND ACTIONS IN CHILDREN, ADOLESCENTS, AND YOUNG ADULTS."
Citalopram Hydrobromide,Celexa®,Antidepressant,Depression,,"10, 20, 40 mg",SSRI; blocks neuronal uptake of serotonin,20 mg po qday,"Nausea, dry mouth, somnolence, insomnia, diarrhea, ejaculation disorder, and impotence","ANTIDEPRESSANTS INCREASE SUICIDAL THOUGHTS AND ACTIONS IN CHILDREN, ADOLESCENTS, AND YOUNG ADULTS."
Venlafaxine Hydrochloride,Effexor® (XR),Antidepressant,Depression,,"25, 37.5, 50, 75, 100 mg; (XR) 37.5, 75, 150 mg",Serotonin-norepinephrine reuptake inhibitors (SNRIs); inhibiting the reuptake of both serotonin and norepinephrine in the brain,75 mg po qday in single (XR) or divided dose,"Nausea, dry mouth, anorexia, constipation, drowsiness, insomnia, dizziness, nervousness, abnormal ejaculation, sweating, impotence, decreased libido, and yawning","ANTIDEPRESSANTS INCREASE THE RISK OF SUICIDAL THOUGHTS AND ACTIONS IN CHILDREN, ADOLESCENTS, AND YOUNG ADULTS."
Montelukast Sodium,Singulair®,Antiasthmatic/Antiallergy,Asthma,Seasonal Allergic Rhinitis,"4, 5, 10 mg",Binds to CysLT1 receptor to inhibit LTD4 in the lungs,10 mg po qday in the evening,"Headache, influenza, cough, abdominal pain, dyspepsia, and dizziness",Serious neuropsychiatric events
Prednisone,Deltasone®,Anti-inflammatory,Allergic and Inflammatory disease,,"1, 2.5, 5, 10, 20, 50 mg",Corticosteroid; Adrenocorticoids bind to form steroid-receptor complex that reacts with chromatin/DNA to inhibit transcription of mRNA,Dosages must be individualized; 5 to 60 mg po qday,"Blurred vision, upset stomach, nausea, vomiting, fluid and electrolyte disturbances, Cushing's syndrome, increased susceptibility to infections, osteoporosis, vertebral compression, various behavioral disturbances, peptic ulceration, myopathy, suppression of growth in children, and signs of adrenal suppression",
Buspirone Hydrochloride,BuSpar®,Antianxiety Agent,Anxiety,,"5, 10, 15, 30 mg",Agonize presynaptic 5-HT1A receptors or 5-HT1A autoreceptors,5 to 10 mg given up to QID,"Skin rash, tachycardia, headache, fatigue, sweating, muscle pain, dream disturbances, dizziness, drowsiness, nervousness, insomnia, mood alterations, depression, dry mouth, nausea, vomiting, diarrhea or constipation, nasal congestion, blurred vision, tinnitus, and sore throat",
Zolpidem Tartrate,Ambien® & Ambien CR®,Sedative,Insomnia,,"5, 10mg; (CR) 6.25, 12.5mg",Binds the (BZ1) receptor specifically with a potent affinity for the alpha 1/alpha 5 subunits,5 to 12.5 mg immediately before bedtime,"Headache, drowsiness, nausea, dry mouth, allergy, back pain, influenza-like symptoms, palpitations, dizziness, lethargy, drugged feeling, depression, dyspepsia, diarrhea, abdominal pain, constipation, myalgia, arthralgia, upper respiratory infection, sinusitis, pharyngitis, rash, and urinary tract infection","RARE BUT SERIOUS INJURIES HAVE OCCURRED DUE TO ABNORMAL SLEEP BEHAVIORS, INCLUDING SLEEPWALKING, SLEEP DRIVING, AND ENGAGING IN OTHER ACTIVITIES WHEN NOT FULLY AWAKE."
Lorazepam,Ativan®,Antianxiety Agent,Anxiety,,"0.5, 1, 2 mg",Benzodiazepine; inhibits gamma-aminobutyric acid (GABA),2 to 6 mg po per day in divided doses,"Drowsiness, dizziness, unsteadiness, and weakness","CONCOMITANT USE WITH OPIOIDS INCREASES THE RISK OF RESPIRATORY DEPRESSION, COMA, AND DEATH."
Meloxicam,Mobic®,Nonsteroidal Anti-inflammatory,Osteoarthritis and Rheumatoid Arthritis,,"5, 7.5, 10, 15 mg",NSAID; Inhibits cyclooxygenase which decreases biosynthesis of prostaglandins,7.5 mg po qday,"Abdominal pain, diarrhea, dyspepsia, flatulence, and nausea","NSAIDS MAY CAUSE AN INCREASED RISK OF SERIOUS CARDIOVASCULAR THROMBOTIC EVENTS, MYOCARDIAL INFARCTION, AND STROKE. NSAIDS HAVE BEEN INVOLVED IN RARE CASES OF GI BLEEDING INCIDENTS."
Clonazepam,Klonopin®,Antianxiety Agent,Anxiety,Antiseizure,"0.5, 1, 2mg; (Wafer) 0.25 mg",Benzodiazepine; inhibits gamma-aminobutyric acid (GABA),0.5 mg po TID,"Drowsiness, ataxia, fatigue","CONCOMITANT USE WITH OPIOIDS INCREASES THE RISK OF RESPIRATORY DEPRESSION, COMA, AND DEATH."
Alprazolam,Xanax® (XR),Antianxiety Agent,Anxiety,,"0.25, 0.5, 1, 2mg; (XR) 0.5, 1, 2, 3mg",Inhibits gamma-aminobutyric acid (GABA),0.25 to 0.5 mg po tid,Drowsiness and hypotension,"CONCOMITANT USE WITH OPIOIDS INCREASES THE RISK OF RESPIRATORY DEPRESSION, COMA, AND DEATH."
Quetiapine Fumarate,Seroquel®,Antipsychotic,Schizophrenia,Depression associated with bipolar disorder,"25, 50, 100, 200, 300, 400 mg","Multiple neurotransmitter antagonist with activity at serotonin 5HT1A, 5HT2, dopamine D1, D2, histamine H1, and adrenergic alpha-1 and alpha 2 receptors","300 to 400 mg qday, given in two-three divided doses or one ER tablet","Somnolence, dizziness, constipation, postural hypotension, dry mouth, and dyspepsia",CONTRAINDICATED IN PATIENTS WITH DEMENTIA-RELATED PSYCHOSIS. MAY INCREASE SUICIDAL THOUGHTS IN CHILDREN AND YOUNG ADULTS.
Metoprolol Tartrate,Lopressor®,Antihypertensive,Hypertension,,"25, 50, 100 mg",Beta blocker; cardioselective beta-1 adrenergic receptor,100 to 450mg po qday in single or divided doses,"Dizziness, fatigue, depression, shortness of breath, diarrhea, and bradycardia",
Tamsulosin Hydrochloride,Flomax®,BPH Agent,Benign Prostatic Hyperplasia (BPH),,0.4 mg,Selective blocks alpha-adrenergic in prostate,0.4 mg po qday,"Headache, dizziness, rhinitis, infection, asthenia, abnormal ejaculation, back pain, pharyngitis, diarrhea, chest pain, cough, somnolence, insomnia, nausea, sinusitis, and priapism",
Oxycodone Hydrochloride,"OxyContin®, Roxicodone®",Opioid Analgesic,Moderate to Severe Pain,,"10, 15, 20, 30, 40, 60, 80 mg",Opioid agonist; bind and activate opioid receptors in the central nervous system (CNS),10-20 mg po BID,"Constipation, nausea, somnolence, dizziness, pruritus, vomiting, headache, dry mouth, asthenia, and sweating","OPIOIDS CAN BE ADDICTIVE, ABUSED, AND MISUSED, WHICH CAN LEAD TO OVERDOSE AND DEATH. SERIOUS, LIFE-THREATENING RESPIRATORY DEPRESSION MAY OCCUR. ACCIDENTAL EXPOSURE CAN BE FATAL, ESPECIALLY IN CHILDREN. USE IN PREGNANCY CAN CAUSE NEONATAL WITHDRAWAL SYNDROME. CONCOMITANT USE WITH BENZODIAZEPINES, ALCOHOL, OR OTHER CNS DEPRESSANTS CAN RESULT IN RESPIRATORY DEPRESSION, COMA, AND DEATH."
Fluticasone Propionate (nasal),Flonase®,Antiallergy Agent,Asthma,,220 mcg,Adrenocorticoids bind to form steroid-receptor complex that reacts with chromatin/DNA to inhibit transcription of mRNA,2 puffs of the 110 or 220 MDI BID or 1 puff of the 100 or 250 mcg Diskus BID,"Nasal burning, epistaxis, blood in nasal mucus, pharyngitis, nasal irritation, and headache.",
Donepezil Hydrochloride,Aricept®,Alzheimer's Dementia Agent,Alzheimer's,,"5, 10, 23 mg","Central, reversible acetylcholinesterase inhibitor to increase acetylcholine available at cholinergic synapse",10 mg given at bedtime,"Nausea, diarrhea, insomnia, vomiting, muscle cramps, fatigue, and anorexia",
Clopidogrel Bisulfate,Plavix®,Hematological Agent,Reduce risk of atherosclerotic events,,"75, 300 mg",Converted by CYP2C19 to active metabolite to inhibit platelet aggregation by preventing ADP and receptor binding,75 mg po qday,"Upper respiratory tract infection, chest pain, headache, flu-like symptoms, arthralgia, dizziness, back pain, abdominal pain, purpura, dyspepsia, diarrhea, dyspnea, rhinitis, rash, hypertension, edema, bronchitis, coughing, urinary tract infection, pruritus, depression, nausea, epistaxis, and fatigue",DO NOT USE IN PATIENTS IDENTIFIED WITH TWO LOSS-OF-FUNCTION ALLELES OF THE CYP2C19 GENE.
Methylphenidate Hydrochloride (IR & ER),"Ritalin®, Methylin®, Metadate®, Concerta®",CNS Agent for ADHD,Attention Deficit Disorder,,"(SR 5, 10, 20mg; 20mg; (LA) 10, 20, 30, 40 mg",Norepinephrine and dopamine reuptake inhibitor,"5 mg po qday before breakfast and lunch, gradual increases of 5 to 10 mg weekly","Nervousness, insomnia, anorexia, nausea, dizziness, palpitations, headache, angina, and drowsiness",CNS STIMULANTS HAVE A HIGH POTENTIAL FOR ABUSE AND DEPENDENCE.
Allopurinol,Zyloprim®,Gout Agent,Gout,,"100, 300 mg",Competitively inhibits xanthine oxidase and metabolized to alloxanthine,200 to 300mg po qday,"Drowsiness, diarrhea, nausea, vomiting, abdominal pain, and RASH",
Oxycodone Hydrochloride with Acetaminophen,"Percocet®, Roxicet®, Endocet®",Opioid Analgesic,Moderate to Severe Pain,,"5/325, 7.5/325, 10/325 mg",Produces central analgesia via action on the central opiate receptors,10 to 20 mg po BID,"Dizziness, drowsiness, constipation, nausea, and vomiting","OPIOIDS CAN BE ADDICTIVE, ABUSED, AND MISUSED, WHICH CAN LEAD TO OVERDOSE AND DEATH. SERIOUS, LIFE-THREATENING RESPIRATORY DEPRESSION MAY OCCUR. ACCIDENTAL EXPOSURE CAN BE FATAL, ESPECIALLY IN CHILDREN. USE IN PREGNANCY CAN CAUSE NEONATAL WITHDRAWAL SYNDROME. CONCOMITANT USE WITH BENZODIAZEPINES, ALCOHOL, OR OTHER CNS DEPRESSANTS CAN RESULT IN RESPIRATORY DEPRESSION, COMA, AND DEATH."
Risperidone,Risperdal®,Antipsychotic,Schizophrenia,Bipolar 1 Disorder,"0.25, 0.5, 1, 2, 3, 4 mg; (M-Tab) 0.5, 1 mg",Directly antagonize dopamine (D2) and serotonin (5HT2) receptors,1 mg po BID,"Extrapyramidal symptoms, insomnia, agitation, anxiety, somnolence, nausea, constipation, vomiting, dyspepsia, rhinitis, tachycardia, dry skin, priapism, and rash",CONTRAINDICATED IN PATIENTS WITH DEMENTIA-RELATED PSYCHOSIS.
Lamotrigine,"Lamictal® (XR, ODT, CD)",Anticonvulsant / Bipolar Agent,Seizures,,"5, 25, 100, 150, 200 mg; (XR) 100 mg",Inhibits voltage-sensitive Na channels to suppress release of glutamate,25 to 200 mg qday,"Dizziness, ataxia, somnolence, headache, diplopia, blurred vision, nausea, vomiting, and rash","SERIOUS, LIFE-THREATENING RASHES HAVE BEEN REPORTED IN ASSOCIATION WITH THE USE OF LAMOTRIGINE."
Memantine Hydrochloride,Namenda®,Alzheimer's Dementia Agent,Alzheimers,,"5, 7, 10, 14, 21, 28 mg",N-methyl-D-aspartate (NMDA) receptor antagonist,10 mg po BID,"Dizziness, headache, confusion, hypertension, pain, fatigue, vomiting, coughing, hallucinations, and somnolence",
Diltiazem Hydrochloride,"Cardizem® (CD), Cartia®, Dilacor®, Dilt-XR®, Tiazac®",Antihypertensive,Anginal Pectoris,Hypertension,"120, 180, 240, 300, 360 mg",Calcium channel blocker (CCB); inhibits the influx of Ca2+ ions across cellular membranes of vascular and cardiac tissue,240 to 360 mg qday in one or two doses,"Peripheral edema, bradycardia, flushing, headache, dizziness, asthenia, and AV block",
Cyclobenzaprine Hydrochloride,"Flexeril®, Amrix®, Fexmid®",Muscle Relaxant,Musculoskeletal Pain,,"5, 10, 15 mg",Acting at the brain stem in the CNS resulting in diminished activity of alpha and gamma motor neurons,10 mg TID,"Drowsiness, dizziness, dry mouth, fatigue, asthenia, nausea, constipation, dyspepsia, unpleasant taste, blurred vision, headache, nervousness, and confusion",
Lisdexamfetamine Dimesylate,Vyvanse®,CNS Agent for ADHD,Attention Deficit Hyperactivity Disorder (ADHD),,"10, 20, 30, 40, 50, 60, 70 mg",Acts on adrenergic receptors to release norepinephrine,30 mg po qAM,"Decreased appetite, insomnia, dry mouth, diarrhea, nausea, anxiety, restlessness, increased blood pressure, dyspnea, and tachycardia",CNS STIMULANTS HAVE A HIGH POTENTIAL FOR ABUSE AND DEPENDENCE.
Oxybutynin Chloride (oral),Ditropan® & Ditropan® XL,Urinary Bladder Modifier,Neurogenic Bladder,Overactive Bladder,"(XL) 5, 10, 15 mg",Inhibits muscarinic action of acetylcholine on smooth muscles,(XL) 5mg po qday,"Dry mouth, drowsiness, confusion, agitation, blurred vision, diarrhea, and nausea",
Mirtazapine,Remeron®,Antidepressant,Depression,,"7.5, 15, 30, 45 mg",Antagonize alpha-2 adrenergic inhibitory auto- and hetero-receptors to increase noradrenergic and serotonergic activity,15 to 45mg po qday,"Drowsiness, dry mouth, increased appetite, constipation, weight gain, dizziness, flu syndrome, and abnormal dreams","ANTIDEPRESSANTS INCREASE SUICIDAL THOUGHTS AND ACTIONS IN CHILDREN, ADOLESCENTS, AND YOUNG ADULTS."
Potassium Chloride (oral),"Klor-Con®, K-Dur®, Micro-K®",Electrolyte,Potassium Deficiency,,"8, 10, 20 mEq",Electrolyte supplement; Replenish principal intracellular cation of most body tissue,16 to 80 mEq po qday in one or two divided doses,"Diarrhea, nausea, vomiting, and abdominal discomfort",
Spironolactone,Aldactone®,Diuretic,Edema from Congestive Heart Failure (CHF),,"25, 50, 100 mg",Competitively antagonize aldosterone at Na/K exchange site in distal convoluted renal tubule,"100 mg po qday, adjustments at 5 day intervals to a maintenance dose of 25 to 200 mg qday","Diarrhea, drowsiness, headache, amenorrhea, weakness, paresthesia, mental confusion, dry mouth, muscle cramps, hirsutism, urticaria, impotence, gynecomastia, nausea, and vomiting",
Divalproex Sodium,Depakote® (ER),Anticonvulsant/Bipolar Agent,Seizures,Bipolar Disorder,"125, 250, 500 mg; (ER) 250, 500 mg","Dissociates into valproate; MOA is unknown, though may be related to increased brain levels of gamma aminobutyric acid (GABA)",250 mg TID or 25mg/kg qday (ER),"Nausea, asthenia, somnolence, dyspepsia, dizziness, diarrhea, vomiting, abdominal pain, tremor, weight gain, back pain, alopecia, and increased appetite","HEPATIC FAILURE RESULTING IN FATALITIES HAS OCCURRED IN PATIENTS RECEIVING VALPROIC ACID. CASES OF LIFE-THREATENING PANCREATITIS HAVE BEEN REPORTED IN PATIENTS RECEIVING VALPROATE. NEURAL TUBE DEFECTS, OTHER MALFORMATIONS, AND DECREASED IQ CAN OCCUR IF USED DURING PREGNANCY."
Cephalexin Monohydrate,Keflex®,Antibiotic,"Infection (due to the following streptococci, staphylococci, E. coli, P. mirabilis, Klebsiella species, H. influenzae, and M.catarrhalis)",,"250, 500, 750 mg","First generation cephalosporin, inhibits bacterial cell wall synthesis via acylation of transpeptidase enzyme",250 mg to 1 g po q6hrs,"Nausea, vomiting, diarrhea, hives, itching, and rash",
Ondansetron Hydrochloride,Zofran®,Antiemetic,Nausea and Vomiting,,"4, 8 mg",Selective 5-HT3 receptor antagonist in vagal nerve terminals and chemoreceptor trigger zone,8 mg TID,"Headache, fatigue, constipation",
Aripiprazole,Abilify®,Antipsychotic,schizophrenia acute manic or mixed episodes with Bipolar disorder,,"2, 5, 10, 15, 20, 30mg; ODT 15mg",Partially agonize dopamine D2 and serotonin 5-HT1A receptors and antagonize 5-HT2A,10-15mg po qdaily,"Headache, anxiety, insomnia, asthenia, nausea, vomiting, constipation, weight gain, lightheadedness, drowsiness, and blurred vision",CONTRAINDICATED IN PATIENTS WITH DEMENTIA-RELATED PSYCHOSIS. MAY INCREASE RISK OF SUICIDAL THOUGHTS IN CHILDREN AND YOUNG ADULTS.
Doxycycline Hyclate,Vibramycin®,Antibiotic,Bacterial Infections,,100 mg,Tetracycline antibiotic; Inhibits bacterial protein synthesis by competitively binding to the 30S ribosomal subunit.,100 mg PO q12h,"Dizziness, vertigo, nausea, vomiting, diarrhea, increased sensitivity to sunlight, discoloration of forming teeth, sore or darkened tongue, cramps, and burning stomach.",
Levetiracetam,Keppra®,Anticonvulsant,Seizures,,"250, 500, 750, 1000 mg; (ER) 500 mg","Unknown, inhibits burst firing in the hippocampus without affecting neuronal excitability.",500 mg PO BID,"Somnolence, asthenia, infection, dizziness, hostility, and nervousness",
Pregabalin,Lyrica®,Anticonvulsant,Neuropathic pain,"Seizures, postherpetic neuralgia, fibromyalgia","25, 50, 75, 100, 150, 200, 225, 300 mg",Presynaptic binding to the alpha2-delta subunit of voltage-gated calcium channels in the CNS modulates the release of several excitatory neurotransmitters.,75 mg PO BID or 50 mg PO TID,"Dizziness, somnolence, dry mouth, ataxia, confusion, asthenia, abnormal thinking, blurred vision, incoordination, weight gain, and peripheral edema",
Diclofenac Sodium (topical),Voltaren® Gel,Nonsteroidal Anti-inflammatory,Osteoarthritis,,1.%,"NSAID; Inhibition of COX, leading to decreased prostaglandins and thromboxanes.",Apply 2 g to affected area if UPPER extremity up to 4x/day; Apply 4 g to affected area if LOWER extremity up to 4x/day,"Pruritus, rash, site pain, and headache",
Warfarin Sodium (Crystalline),"Coumadin®, Jantoven®",Anticoagulant,"Pulmonary embolism, atrial fibrillation, venous thromboembolism",,"1, 2, 2.5, 3, 4, 5, 6, 7.5, 10 mg",Vitamin K antagonist; Decreases hepatic synthesis of vitamin K-dependent clotting factors.,2 to 10 mg PO daily or divided doses,"Unusual and unexpected bleeding, alopecia, dermatitis, fever, nausea, diarrhea, abdominal cramping, and urticaria",WARFARIN INCREASES THE RISK OF FATAL BLEEDING. PERFORM REGULAR MONITORING OF INR.
Pravastatin Sodium,Pravachol®,Antihyperlipidemic,Hypercholesterolemia,,"10, 20, 40, 80 mg","Statin; Selective, competitive inhibitor of HMG-CoA reductase to reduce LDL and increase HDL",10 to 20 mg PO once at bedtime,"Rash, muscle pain, headache, influenza, and dyspepsia",
Esomeprazole Magnesium,Nexium®,Gastric Antisecretory,Esophagitis,"GERD, gastric ulcers","20, 40 mg",Proton pump inhibitor; Suppresses the H+/K+ ATPase enzyme system at the secretory surface of the gastric parietal cell.,20 to 40 mg PO qday,"Headache, diarrhea or constipation, nausea, flatulence, abdominal pain, and dry mouth",
Celecoxib,Celebrex®,Nonsteroidal Anti-inflammatory,Osteoarthritis,Rheumatoid arthritis,"50, 100, 200, and 400 mg","NSAID; Selective inhibition of COX-2, leading to anti-inflammatory, analgesic, and antipyretic effects.",200 mg qday or 100 mg PO BID,"Diarrhea, dyspepsia, abdominal pain, flatulence, edema, and sinusitis","NSAIDS MAY CAUSE AN INCREASED RISK OF SERIOUS CARDIOVASCULAR THROMBOTIC EVENTS, MYOCARDIAL INFARCTION, AND STROKE. NSAIDS HAVE BEEN INVOLVED IN RARE CASES OF GI BLEEDING INCIDENTS."
Folic Acid,Folic Acid,Vitamin,Folic Acid deficiency seen in anemias.,,1 mg,Supplements folic acid.,1 mg PO qday,Allergic reactions,
Fluticasone Propionate with Salmeterol Xinafoate (Inhalation),Advair®,Antiasthmatic / COPD Agent,Asthma and COPD,,250/50 mcg,Inhaled corticosteroid has anti-inflammatory/antiallergy effects. Salmeterol relaxes bronchial smooth muscle through beta-2-adrenergic agonism.,Diskus: One inhalation PO daily. Advair HFA: Two inhalation PO BID.,"Upper respiratory tract infection, pharyngitis, headache, nausea or vomiting, sinusitis, bronchitis, cough, rash, and angioedema",
Propranolol Hydrochloride,"Inderal® (LA), Innopran® XL",Antihypertensive,Hypertension,"Arrhythmias, migraines, angina","10, 20, 40, 60, 80 mg. LA/XL: 60, 80, 120, 160 mg",Beta Blocker; Non-selective blockage of beta-adrenergic receptors leads to reduced HR and cardiac output.,Tabs: 80 mg PO qday in 1 to 4 divided doses.,"Dizziness, fatigue, lightheadedness, nausea, vomiting, bronchospasm, bradycardia, and peripheral vascular insufficiency",
Semaglutide,Ozempic®,Antidiabetic,Diabetes,,"2 mg/1.5 mL, 4mg/3 mL, 8 mg/3 mL",GLP-1 analogue activation leads to insulin secretion and decreased glucose secretion.,"Start with 0.25 mg SQ qweekly, titrate to 1 mg-2 mg SQ qweekly","Nausea, vomiting, diarrhea, abdominal pain, constipation, thyroid C-cell tumors, pancreatitis, and diabetic retinopathy",Risk of thyroid C-cell tumors
Amoxicillin Trihydrate,"Amoxil®, Moxatag®, Trimox®",Antibiotic,"Infections due to the following gram-negative organisms: H. influenzae, E.coli, P. mirabilis, N.gonorrhoeae) and gram-positive organisms: streptococci, nonpenicillinase-producing staphylococci, D.pneumoniae",,"250,500, 875mg",Broad-spectrum penicillin which inhibits bacterial wall synthesis via acylation of transpeptidase enzyme,250-500mg po q8h; 500-875mg po q12h,"Nausea, vomiting, DIARRHEA, hives, itching, and RASH",
Tizanidine Hydrochloride,Zanaflex®,Muscle Relaxant,Muscle spasms,,"2, 4 mg",Alpha-2-adrenergic agonist; Reduces spasticity by increasing presynaptic inhibition of neurons.,4 mg PO q 6-8 hrs.,"Dry mouth, drowsiness, asthenia, bradycardia, hypotension, and dizziness",
Atenolol,Tenormin®,Antihypertensive,Hypertension. Angina,,"25, 50, and 100 mg",Beta Blocker; Cardioselective Beta-1-adrenergic blockage decreases HR and cardiac output.,50-100 mg PO qday,"Dizziness, fatigue, drowsiness, nausea, bradycardia, and hypotension",Cessation of therapy: Advise patients with coronary artery disease who are being treated with atenolol against abrupt discontinuation of therapy
Morphine Sulfate (extended release),MS Contin®,Opioid Analgesic,Pain,,"15, 30, 60, 100, and 200 mg",Produces central analgesia via action on the central opiate receptors,15-400 mg daily in a single (capsule) or divided (tablet) dose,"Constipation, lightheadedness, dizziness, sedation, nausea, vomiting, sweating, dysphoria and euphoria","OPIOIDS CAN BE ADDICTIVE, ABUSED, AND MISUSED, WHICH CAN LEAD TO OVERDOSE AND DEATH. SERIOUS, LIFE-THREATENING RESPIRATORY DEPRESSION MAY OCCUR. ACCIDENTAL EXPOSURE CAN BE FATAL, ESPECIALLY IN CHILDREN. USE IN PREGNANCY CAN CAUSE NEONATAL WITHDRAWAL SYNDROME. CONCOMITANT USE WITH BENZODIAZEPINES, ALCOHOL, OR OTHER CNS DEPRESSANTS CAN RESULT IN RESPIRATORY DEPRESSION, COMA, AND DEATH."
Rivaroxaban,Xarelto®,Anticoagulant,Stroke risk reduction in Atrial Fibrillation. DVT and PE,,"10, 15, and 20 mg",DOAC; Selective inhibitor of Factor Xa reduces thrombin formation.,20 mg PO daily with food,Bleeding events,
Latanoprost,Xalatan®,Glaucoma Agent,Glaucoma,,0.005%,Selective FP receptor agonism reduces intraocular pressure.,One drop in affected eye(s) once daily in the evening.,"Blurred vision, burning/stinging, foreign body sensation, itching, and increased pigmentation of the iris",
Sitagliptin Phosphate,Januvia®,Antidiabetic,Diabetes,,"25, 50, 100 mg",Dipeptidyl peptidase-4 (DDP-4) enzyme inhibitor,100mg tab PO QD,Nasopharyngitis,
Topiramate,"Topamax®, Trokendi Xr",Anticonvulsant,Seizure prophylaxis,,"15, 25 mg sprinkle IR; 25, 50, 100, 200 mg tab IR; 25, 50, 100, 200 mg caps XR",action potential depolarization inhibitor,Initial 25-50 mg PO QD titrated to 200 to 400 mg/d,"Fatigue, nervousness, difficulty with concentration, confusion, depression, anorexia, weight decrease, somnolence, dizziness, ataxia, speech difficulties, psychomotor, slowing, abnormal vision, difficulty with memory, paresthesia and diplopia",
Finasteride,Proscar®,BPH Agent,Benign prostatic hyperplasia,,"1, 5 mg",5-alpha-reductase inhibitor,5 mg tab po QD,"Depression, erectile dysfunction, decreased libido, and male infertility",
Hydroxyzine Hydrochloride,Atarax®,Antiallergy/Antianxiety Agent,Anxiety,Allergies,"10, 25, 50mg",Antagonize H1 (histamine) receptor,25mg po TID-QID,Drowsiness and dry mouth,
Amitriptyline Hydrochloride,Elavil®,Antidepressant,Depression,,"10, 25, 50, 75, 100, 150mg",Tricyclic antidepressant; inhibits membrane pump responsible for reuptake of norepinephrine and serotonin,40-150mg po qdaily in divided doses or at bedtime,"Tachycardia, dry mouth, blurred vision, nausea, vomiting, dizziness, weakness, headache, constipation, urinary retention, drowsiness, and weight gain","ANTIDEPRESSANTS INCREASE SUICIDAL THOUGHTS AND ACTIONS IN CHILDREN, ADOLESCENTS, AND YOUNG ADULTS."
Fluconazole,Diflucan®,Antifungal,Vaginal Candidiasis,,"50, 100, 150, 200 mg",sterol inhibitor,150mg tab PO,"Nausea, headache, abdominal pain, diarrhea, dizziness, dyspepsia, and taste perversion",
Alendronate Sodium,Fosamax®,Osteoporosis Agent,Osteoporosis,,"5, 10, 35, 40, 70mg ; 70mg with Vitamin D 2800 IU",inhibits osteoclast activity,10mg po qdaily; 70mg po qweekly,"Abdominal pain, constipation, diarrhea, flatulence, and musculoskeletal pain",
Sulfamethoxazole with Trimethoprim,"Bactrim®, Septra®",Antibiotic,Infection (with MRSA coverage),,"80/400, 160/800 mg",Dihydrofolate reductase inhibitor,160/800mg tab PO Q12h for 10-14 days,"Increased sensitivity to sunlight, Stevens-Johnson syndrome, nausea, vomiting, diarrhea, dizziness, anorexia, and rash",
Triamcinolone Acetonide (topical),Kenalog®,"Anti-inflammatory",Dermatosis,,"0.025%, 0.05%, 0.1%, 0.5% Oint",Binding to glucocorticoid receptors,Apply thin layer to affected area two to four times a day,"Local burning, itching, and skin atrophy",
Tadalafil,Cialis®,Erectile Dysfunction Agent,Erectile Dysfunction,,"2.5, 5, 10, 20 mg",Release of nitric oxide,2.5 mg tab PO QD initially,"Headache, dyspepsia, back pain, flushing, nasal congestion, and myalgia",
Pioglitazone Hydrochloride,Actos®,Antidiabetic,Diabetes,,"15, 30, 45 mg",Decreases insulin resistance by improving target cell response to insulin,15 to 30 mg tab PO QD,"Upper respiratory tract infection, headache, sinusitis, myalgia, tooth disorder, aggravation of diabetes, and pharyngitis",CONTRAINDICATED IN PATIENTS WITH CONGESTIVE HEART FAILURE.
Baclofen,Lioresal®,Muscle Relaxant,Muscle spasms,,"10, 20 mg tabs",GABA Analogue,10 to 20mg tab PO TID to QID,"Drowsiness, dizziness, weakness, fatigue, confusion, headache, insomnia, nausea, constipation, and urinary frequency",
Clonidine Hydrochloride,"Catapres®, Nexiclon XR, and Kapvay",Antihypertensive/ADHD Agent,Hypertension,,"0.1, 0.2, 0.3 mg tabs",Stimulation of central alpha-2-adrenergic receptors,0.1 to 0.3mg tab PO BID,"Dry mouth, dry eyes, drowsiness, dizziness, headache, fatigue, edema, constipation, and impotence",
Diazepam,Valium®,Antianxiety Agent,Anxiety,Acute alcoholism,"2, 5, 10 mg tabs; 5mg/mL IM; 5mg/mL oral conc.; 2.5/0.5mL rectal gel",GABA inhibitor,2 to 10mg PO/IM/IV initially,"Drowsiness, ataxia, and fatigue","CONCOMITANT USE WITH OPIOIDS INCREASES THE RISK OF RESPIRATORY DEPRESSION, COMA, AND DEATH."
Semaglutide,Wegovy®,Weight Management,Weight-loss,,"0.25, 0.5, 1, 1.7, 2.4 mg pens",GLP-1 analogue activation leads to insulin secretion,Start with 0.25mg SQ weekly titrated to 2.4mg SQ weekly,"Nausea, vomiting, diarrhea, abdominal pain, constipation, headache, fatigue, dyspepsia, dizziness, and eructation",Risk of thyroid C-cell tumors
Testosterone,Androgel®,Hormone / Testosterone,Hormone replacement therapy,,"1% topical gel pump, 1% gel foil packets, 1.62% topical gel, 2% topical gel",Signals development of secondary sex characteristics,50mg applied once daily,"Increased PSA, emotional lability (anger, mood swings, aggression), hypertension, increased hematocrit or hemoglobin, contact dermatitis",SECONDARY EXPOSURE TO TESTOSTERONE HAS CAUSED VIRILIZATION IN CHILDREN.
Estradiol,"Vivelle-Dot®, Alora, Climara, Femring, Estring, Vagifem, Divigel, Estrace",Hormone / Estrogen,Vasomotor symptoms due to menopause,,"Vivelle/Alora/Climara:0.025, 0.0375, 0.05, 0.075, 0.1mg/d patch; Divigel: 0.25, 0.5, 1mg packet; Estrace: 0.5, 1, 2mg tab; Femring: 5, 10 mcg/24hr ring; Estring: 7.5mcg/24hr ring; Vagifem: 10 mcg suppository; Estrace Cream: 0.01%",Signals development of secondary sex characteristics,Estrace: 0.5 to 2mg Tab PO QD; Vivelle Dot/Alora: One patch twice weekly; Climara: One patch once weekly; Femring/Estring: Insert vaginally every 3 months; Vagifem/Estrace Cream: Insert vaginally once daily to once weekly; Divigel: one patch applied daily,"Irritation of application site, edema, thromboembolic disorders, breast tenderness, disturbances in menstruation, and depression","ESTROGEN-ALONE THERAPY INCREASES THE RISK OF STROKE, DEEP VEIN THROMBOSIS, ENDOMETRIAL CANCER, AND IN WOMEN OVER 65 YEARS OF AGE, PROBABLE DEMENTIA."
Glimepiride,Amaryl®,Antidiabetic,Diabetes,,"1, 2, and 4 mg",Stimulates insulin release from beta cells in pancreas,1-4mg tab PO QD,"Dizziness, asthenia, headache, and nausea",
Guanfacine Hydrochloride,Intuniv®,Antihypertensive/ADHD Agent,Hypertension,,"1 and 2 mg IR; 1, 2, 3, and 4mg ER",Stimulation of central alpha-2-adrenergic receptors,"1mg at bedtime, up to 3mg","Dry mouth, drowsiness, weakness, dizziness, constipation, headache, insomnia, and impotence",
Carbamazepine,"Tegretol® (XR), Carbatrol® ER, Equetro® ER",Anticonvulsant,Seizures,,"200mg tab; 100mg chewable; 100, 200, 400 mg XR tab; 100, 200, 300 mg XR cap",Blockade of post-tetanic potentiation,Initially 200 mg PO BID on day 1 then gradually increase by adding up to 200 mg per day in 3-4 divided doses,"Dizziness, unsteadiness, nausea, vomiting, and drowsiness",RARE REPORTS OF APLASTIC ANEMIA AND AGRANULOCYTOSIS HAVE BEEN REPORTED. PATIENTS OF ASIAN DESCENT SHOULD BE TESTED FOR HLA-B*1502 BECAUSE THESE PATIENTS ARE AT MUCH HIGHER RISK OF STEVENS-JOHNSON SYNDROME AND TOXIC EPIDERMAL NECROLYSIS.
Carbidopa with Levodopa,Sinemet® (CR),Antiparkinson Agent,Parkinson's Disease,,"10/100, 25/100, 25/250 mg; CR 25/100, 50/200 mg",Crosses Blood-brain-barrier and converts into dopamine,25/100mg TID and titrate based on efficacy/tolerability,"Dystonic or involuntary movements, depression, dementia, and nausea",
Nystatin Topical,Nystop®,"Antifungal",Fungal infection caused by Candida species,,"100,000 USP units per gram","Binds to sterols in cell membrane of susceptible Candida species, changing cell membrane permeability",Apply topically liberally to affected area BID to TID,"Burning, itching, rash, and pain on application",
Olanzapine,Zyprexa®,Antipsychotic,Manifestation of psychotic disorders,Schizophrenia; Acute mixed or manic episodes associated with bipolar I disorder; management of agitation associated with schizophrenia and bipolar I mania,"Tablets: 2.5 mg, 5 mg, 7.5 mg, 10 mg, 15 mg, 20 mg; ODT (ZYSIS): 5 mg, 15 mg",Antagonism of dopamine D2 receptor and serotonin 5HT2 receptor,10 mg-15 mg PO daily dose,"Somnolence, agitation, insomnia, nervousness, hostility, dizziness, rhinitis, anxiety, constipation, dry mouth, weight gain, joint pain, fever, postural hypotension, cough, akathisia, amblyopia, abdominal pain, back pain, chest pain, tachycardia, hypertonia, and tremor",CONTRAINDICATED IN PATIENTS WITH DEMENTIA-RELATED PSYCHOSIS.
Azithromycin Dihydrate,Zithromax® & Zmax„¢,Antibiotic,Mild to moderate lower and upper respiratory tract infection,Community-acquired pneumonia,"250 mg, 500 mg, 600 mg",Binds to 50 S ribosomal subunit of bacteria suppressing protein synthesis,"500 mg PO QDay on Day 1, 250 mg PO QDay for 4 more days","Diarrhea, nausea, vomiting, and abdominal pain. Intravenous therapy may cause pain at the injection site and local inflammation",
Oxcarbazepine,Trileptal® and Oxtellar® XR,Anticonvulsant,Partial seizures for adults and children ages 4-16 yo,,"150 mg, 300 mg, 600 mg; XR: 150 mg, 300 mg, 600 mg","Blocks voltage-sensitive sodium channels, leading to stabilizing hyperexcited neural membranes, inhibition of repetitive neuronal firing, and diminution of propagation of synaptic impulses",300 mg PO BID,"Dizziness, somnolence, diplopia, fatigue, nausea, vomiting, ataxia, abnormal vision, abdominal pain, tremor, dyspepsia, and abnormal gait",
Diclofenac Sodium,Voltaren® (XR),Nonsteroidal Anti-inflammatory,Rheumatoid Arthritis,Osteoarthritis,"25 mg, 50 mg, 75 mg; XR: 100 mg","Unknown, may be due to reversible inhibition of COX-1 and COX-2 enzymes",50 mg TID to QID or 75 mg BID; XR: 100 mg QDay or BID,"Nausea, indigestion, diarrhea or constipation, cramping, headache, and fluid retention","NSAIDS MAY CAUSE AN INCREASED RISK OF SERIOUS CARDIOVASCULAR THROMBOTIC EVENTS, MYOCARDIAL INFARCTION, AND STROKE. NSAIDS HAVE BEEN INVOLVED IN RARE CASES OF GI BLEEDING INCIDENTS."
Amoxicillin with Clavulanate Potassium,Augmentin® (XR),Antibiotic,Sinusitis and otitis media,"Lower respiratory tract infection, skin and skin structure infections, urinary tract infections","400 mg/57 mg, 250 mg/125 mg, 500 mg/125 mg, 875 mg/125 mg, 1000 mg/62.5 mg","Amoxicillin inhibits bacterial cell wall, Clavulanic acid binds competitively to active sites of beta-lactamase enzyme",One 500 mg/125 mg tablet PO Q8H or one 875 mg/125 mg tablet PO Q12H,"Nausea, vomiting, diarrhea, hives, itching, and rash",
Lithium Carbonate,"Lithonate®, Lithotabs®, Lithobid®",Antimanic Agent,Manic episodes or manic depressive illness (Bipolar Disorder),,"300 mg; SR: 300 mg, 450 mg","Unknown, may be due to antagonism of release of norepinephrine and dopamine from nerve terminals",300 mg PO TID to QID,"Hand tremor, nausea, and mild thirst",LITHIUM TOXICITY IS CLOSELY RELATED TO SERUM LITHIUM LEVELS.
Valacyclovir Hydrochloride,Valtrex®,Antiviral,Genital Herpes,Herpes zoster (shingles),"500 mg, 1000 mg",Converted to acyclovir by first-pass intestinal and/or hepatic metabolism,1 g PO BID for 10 days,"Nausea, vomiting, headache, and abdominal pain",
Pramipexole Dihydrochloride,Mirapex®,Antiparkinson Agent,Parkinson's disease,,"0.125 mg, 0.25 mg, 0.5 mg, 0.75 mg, 1.0 mg, 1.5 mg",Nonergot dopamine receptor agonist with high affinity to D3 dopamine receptors than D2 and D1 receptors,0.75 mg PO QDay to 4.5 mg PO QDay,"Dizziness, somnolence, asthenia, nausea, constipation, insomnia, and hallucinations",
Insulin Degludec,Tresiba®,Antidiabetic,Diabetes mellitus,,100 units/mL,Insulin promotes transport of glucose across cell membranes and facilitates transformation of amino acids into proteins,Doses must be individualized. Patients with T2DM who have not used insulin before: 10 units SQ per day,"Injection site reactions, lipodystrophy, weight gain, edema, nasopharyngitis, headache, upper respiratory tract infections, and diarrhea",
Eszopiclone,Lunesta®,Sedative,Insomnia,,"1 mg, 2 mg, 3 mg","Unknown, may act at GABA-receptor complexes at binding sites located near or coupled to benzodiazepine receptors",Non-elderly: 2 mg PO immediately before bedtime; Elderly: 1 mg PO immediately before bedtime,"Drowsiness, headache, unpleasant taste sensation, dry mouth, anxiety, depression, dysmenorrhea, gynecomastia, and infection","RARE BUT SERIOUS INJURIES HAVE OCCURRED DUE TO ABNORMAL SLEEP BEHAVIORS, INCLUDING SLEEPWALKING, SLEEP DRIVING, AND ENGAGING IN OTHER ACTIVITIES WHEN NOT FULLY AWAKE."
Tolterodine Tartrate,Detrol® (LA),Urinary Bladder Modifier,Overactive bladder,,"1 mg, 2 mg; LA (extended release capsules): 2 mg, 4 mg",Competitive muscarinic receptor antagonist,LA capsule: 4 mg PO QDay; Tablet: 2 mg PO BID,"Dry mouth, headache, dizziness, constipation, dyspepsia, and somnolence",
Ezetimibe,Zetia®,Antihyperlipidemic,"Adjunct therapy for reduction of elevated total cholesterol, LDL-cholesterol, and ApoB in primary hypercholesterolemia (familial and nonfamilial)",,10 mg,"Acts at brush border of small intestine to inhibit cholesterol absorption therapy, decreasing cholesterol delivery to liver",10 mg PO QDay,"Myalgia, increased CPK, elevations in liver transaminases, hepatitis, thrombocytopenia, urticaria, arthralgia, and myopathy/rhabdomyolysis",
Mirabegron,Myrbetriq®,Urinary Bladder Modifier,Overactive bladder,,"25 mg, 50 mg",Beta-3 adrenergic agonist,Recommended starting dose: 25 mg PO QDay,"Hypertension, urinary tract infection, urinary retention, headache, nasopharyngitis, atrial fibrillation, angioedema, and prostate cancer",
Solifenacin Succinate,Vesicare®,Urinary Bladder Modifier,Overactive bladder,,"5 mg, 10 mg",Competitive muscarinic receptor antagonist,Recommended starting dose: 5 mg PO QDay,"Dry mouth, constipation, blurred vision, urinary tract infection, dyspepsia, nausea, abdominal pain, dizziness, fatigue, dry eyes, and drowsiness",
Budesonide and Formoterol Fumarate Dihydrate (Inhalation),Symbicort®,Antiasthmatic / COPD Agent,Asthma,,160 mcg/4.5 mcg,Budesonide: anti-inflammatory corticosteroid; Formoterol: long-acting selective beta-2-adrenergic agonist,2 inhalations BID,"Upper respiratory tract infection, nasopharyngitis, headache, vomiting, sinusitis, bronchitis, oral candidiasis, and nasal congestion",
Phenytoin Sodium (Extended),Dilantin® Kapseals®,Anticonvulsant,Tonic-clonic and psychomotor seizures and prevention and treatment of seizures occurring during or following neurosurgery,,"30 mg, 100 mg",Increases extrusion of sodium ions from neurons and cardiac myocytes,100 mg PO TID to 300 mg QDay,"Nystagmus, ataxia, slurred speech, mental confusion, nausea, vomiting, rash, hirsutism, gingival hyperplasia, constipation, dizziness, and drowsiness",
Insulin Glargine (rDNA origin),"Lantus®, Toujeo®, Basaglar®",Antidiabetic,Type 1 diabetes mellitus or Type 2 diabetes mellitus,,100 units/mL,Insulin promotes transport of glucose across cell membranes and facilitates transformation of amino acids into proteins,Dosing must be individualized; start on 10 units per day if T2DM and insulin naÃ¯ve,"Hypoglycemia, pain at injection site, rash, edema, pruritus, bronchospasm, hypotension, or shock",
Empagliflozin,Jardiance®,Antidiabetic,Type 2 diabetes mellitus,"Reduce risk of CV death in adults with T2DM and established CV disease, reduce the risk of cardiovascular death and hospitalizations in adults with heart failure","10 mg, 25 mg",Inhibits sodium-glucose co-transporter-2 (SGLT2i),Starting dose: 10 mg PO QAM; Maximum dose: 25 mg PO QAM,"Urinary tract infections, genital mycotic infections, increased urination, dyslipidemia, discomfort with urination, and ketoacidosis",
Triamterene with Hydrochlorothiazide,"Dyazide®, Maxzide®",Diuretic,Adjunctive therapy in edema associated with congestive heart failure,Hypertension,Dyazide (capsule) 37.25 mg/25 mg; Maxzide-25 (tablet): 37.5 mg/25 mg; Maxzide (tablet) 75 mg/50 mg,Triamterene: inhibits reabsorption of sodium in exchange for potassium at distal renal tubule; Hydrochlorothiazide: inhibits reabsorption of sodium and chloride at distal renal tubule,One to two doses PO BID,"Dry mouth, muscle cramps, nausea, vomiting, weakness, dizziness, orthostatic hypotension, GI distress including diarrhea and constipation, hyperglycemia, photosensitivity, impotence, rash, and transient blurred vision",Hyperkalemia
Sumatriptan Succinate,Imitrex„¢,Antimigrainous Agent,Migraine attacks with or without aura,Cluster headaches,"25 mg, 50 mg, 100 mg",Selective agonist for a vascular 5-hydroxytryptamine 1 receptor subtype,25 mg to 100 mg PO taken with fluids at first sign of migraine attack,"Abnormal sensations including tingling, warmth, burning, feeling of heaviness, pressure, tightness, numbness, tight feeling in the head, flushing, tightness in the chest, bad taste, discomfort of the throat, nose, tongue, or mouth, muscle weakness, neck pain or stiffness, dizziness or vertigo, diarrhea, and drowsiness",
Digoxin,"Lanoxin®, Digitek®",Antiarrhythmic,"Atrial fibrillation, atrial flutter","Heart failure, paroxysmal atrial tachycardia","0.125 mg, 0.25 mg",Inhibits membrane bound Na+/K+ ATPase,0.125 mg to 0.5 mg PO QDay,"Anorexia, nausea, vomiting, gynecomastia, blurred vision, headache, and bradycardia",
Promethazine HCl with Codeine Phosphate,Phenergan® with Codeine,Antitussive,Temporary relief of coughs,Upper respiratory symptoms associated with allergies or common cold,Promethazine HCl 6.25 mg and 10 mg codeine phosphate with 7% alcohol,"Promethazine competitively inhibits histamine at H1 receptor site, Codeine depresses cough reflex center in medulla oblongata",One teaspoon (5 mL) Q4H to Q6H,"Drowsiness, constipation, nausea, vomiting, orthostatic hypotension, lightheadedness, and dizziness","Addiction, abuse, and misuse; Life-threatening respiratory depression; Accidental ingestion; Ultra-rapid metabolism of codeine and other risk factors for life-threatening respiratory depression in children; Respiratory depression in children; Risk of medication errors; Interactions with drugs affecting cytochrome P450 isoenzymes; Risks from concomitant use with benzodiazepines or other CNS depressants; Neonatal opioid withdrawal syndrome"
Desvenlafaxine,Pristiq®,Antidepressant,Major Depressive Disorder,,"25 mg, 50 mg, 100 mg",Potent inhibitor of neuronal serotonin and norepinephrine reuptake,"50 mg PO QDay, with or without food","Nausea, dry mouth, anorexia, constipation, drowsiness, insomnia, dizziness, sweating, erectile dysfunction, and decreased libido","ANTIDEPRESSANTS INCREASE SUICIDAL THOUGHTS AND ACTIONS IN CHILDREN, ADOLESCENTS, AND YOUNG ADULTS."
Lisinopril with Hydrochlorothiazide,"Zestoretic®, Prinzide®",Antihypertensive,Hypertension,,"10mg-12.5mg, 20mg-12.5mg, 20mg-25mg",Lisinopril: ACE-inhibitor; Hydrochlorothiazide: inhibits sodium and chloride reabsorption at distal renal tubule,One tablet PO QDay,"Nausea, dry mouth, anorexia, constipation, drowsiness, insomnia, dizziness, sweating, erectile dysfunction, and decreased libido",DO NOT USE DURING PREGNANCY.
Sildenafil Citrate,"Viagra®, Revatio®",Erectile Dysfunction Agent,Erectile dysfunction,Pulmonary Arterial Hypertension,"25 mg, 50 mg, 100 mg",PDE5 inhibitor,50 mg PO one hour before sexual activity,"Headache, flushing, dyspepsia, nasal congestion, urinary tract infection, abnormal vision, diarrhea, dizziness, and rash",
Fentanyl (transdermal),Duragesic®,Opioid Analgesic,Chronic pain,,25 mcg/hour,Mu-opioid receptor agonist,One patch applied topically and replaced every 72 hours,"Hypoventilation, hypotension, hypertension, abdominal pain, headache, nausea, vomiting, constipation, dry mouth, anorexia, diarrhea, dyspepsia, somnolence, confusion, asthenia, dizziness nervousness, hallucinations, anxiety, depression, euphoria, dyspnea, apnea, sweating, pruritus, and urinary retention","OPIOIDS CAN BE ADDICTIVE, ABUSED, AND MISUSED, WHICH CAN LEAD TO OVERDOSE AND DEATH. SERIOUS, LIFE-THREATENING RESPIRATORY DEPRESSION MAY OCCUR. ACCIDENTAL EXPOSURE CAN BE FATAL, ESPECIALLY IN CHILDREN. HEAT FROM EXTERNAL SOURCES CAN INCREASE SYSTEMIC ABSORPTION. CONCOMITANT USE WITH CYP3A4 INHIBITORS, BENZODIAZEPINES, ALCOHOL, OR OTHER CNS DEPRESSANTS CAN RESULT IN RESPIRATORY DEPRESSION, COMA, AND DEATH."
Levofloxacin,Levaquin®,Antibiotic,Community acquired pneumonia,"Skin and structure infections, complicated urinary tract infections, acute pyelonephritis","250 mg, 500 mg, 750 mg","Inhibits enzyme DNA gyrase, preventing synthesis of bacterial DNA",500 mg PO Q24H for 7 days,"Nausea, diarrhea, headache, constipation, and taste perversion. Risk of tendinitis and tendon rupture in patients, especially the elderly, in patients taking corticosteroids, and in kidney, heart, or lung transplant recipients","FLUOROQUINOLONES MAY CAUSE SERIOUS ADVERSE REACTIONS, INCLUDING TENDINITIS, TENDON RUPTURE, PERIPHERAL NEUROPATHY, CENTRAL NERVOUS SYSTEM EFFECTS, AND EXACERBATION OF MYASTHENIA GRAVIS."
Ropinirole Hydrochloride,Requip® (XL),Antiparkinson Agent,Idiopathic Parkinson's disease,,"0.25 mg, 0.5 mg, 1 mg, 2 mg, 3 mg, 4 mg, 5 mg",Non-ergoline dopamine agonist with full intrinsic activity at D2 and D3 receptor subtypes,0.5 mg to 5 mg PO TID,"Nausea, dizziness, somnolence, syncope, fatigue, dyspepsia, and viral infections. Other adverse effects include general pain, leg edema, increased sweating, asthenia, abdominal pain, pharyngitis, abnormal vision, confusion, hallucinations, hypertension, dry mouth, urinary tract infection, rhinitis, sinusitis, anorexia, hyperesthesia, flushing, malaise, flatulence, palpitations, amnesia, impotence, dyspnea, and eye abnormality",
Paroxetine Hydrochloride,"Paxil® (XR), Pexeva®",Antidepressant,Depression,Obsessive Compulsive Disorder,"Tablets: 10 mg, 20 mg, 30 mg, 40 mg; Controlled-release (Paxil XR): 12.5 mg, 25 mg, 37.5 mg",Selective Serotonin Reuptake Inhibitor (SSRI),Controlled-release tablets: 25 mg PO QDay to 62.5 mg PO QDay,"Nausea and somnolence, headache, asthenia, sexual dysfunction, constipation, dizziness, insomnia, sweating, and diarrhea, tremor, nervousness, weight loss, flatulence, stomach pain, and vomiting","ANTIDEPRESSANTS INCREASE SUICIDAL THOUGHTS AND ACTIONS IN CHILDREN, ADOLESCENTS, AND YOUNG ADULTS."
Sucralfate,Carafate®,Antiulcer Agent,Duodenal ulcer,,1 g,Thought to be due to formation of ulcer-adherent complex that covers ulcer site,1 g PO QID on an empty stomach,Constipation,
Nitrofurantoin,Macrodantin® & Macrobid®,Antibacterial,Urinary tract infection,,"25 mg, 50 mg, 100 mg",Inhibition of acetyl-coenzyme a,100 mg cap PO Q12H for 7 days,"Nausea, headache, flatulence, vomiting, diarrhea, fever, cough, and chills",
Mupirocin (topical),Bactroban®,Antibiotic,Impetigo,MRSA prophylaxis and treatment in the nasal cavity,2.%,Naturally-occurring antibiotic produced by fermentation of organism Pseudomonas fluorescens,Cover affected area with small film of Bactroban TID topically,"Burning, stinging, pain, headache, rhinitis, nasal congestion, pharyngitis, or taste disturbances",
Atomoxetine Hydrochloride,Strattera®,CNS Agent for ADHD,ADHD,,"10 mg, 18 mg, 25 mg, 40 mg, 60 mg, 80 mg, 100 mg","Unknown, may be related to selective inhibition of presynaptic norepinephrine transporter",Target total daily dose of 80 mg given either once in morning or evenly divided between morning and late afternoon/early evening,"Dyspepsia, nausea, vomiting, fatigue, appetite suppression, dizziness, mood swings, dry mouth, constipation, impotence, urinary retention, insomnia, ejaculatory problems, decreased libido, and dysmenorrhea","ATOMOXETINE MAY INCREASE SUICIDAL THOUGHTS AND ACTIONS IN CHILDREN, ADOLESCENTS, AND YOUNG ADULTS."
Vortioxetine,Trintellix®,Antidepressant,Major Depressive Disorder,,"5 mg, 10 mg, 20 mg",Inhibition of reuptake of serotonin (5-HT); also inhibitor of 5-HT3 and agonist of 5-HT1A,10-20mg PO QDay without regard to meals,"Transient nausea, diarrhea, dry mouth, dizziness, constipation, vomiting, flatulence, pruritus, and abnormal dreams","ANTIDEPRESSANTS INCREASE SUICIDAL THOUGHTS AND ACTIONS IN CHILDREN, ADOLESCENTS, AND YOUNG ADULTS."
Ciprofloxacin Hydrochloride,Cipro® (XR),Antibiotic,Infectious diarrhea,"Urinary tract, lower respiratory tract, skin and soft tissue infections","100 mg, 250 mg, 500 mg, 750 mg; XR: 500 mg, 1000 mg",Fluoroquinolone antibiotic that prevents synthesis of bacterial DNA by interfering with enzyme DNA gyrase,"250 mg to 500 mg PO Q12H, up to 300-450mg daily","Nausea, rash, diarrhea, sun sensitivity, and dizziness","FLUOROQUINOLONES MAY CAUSE SERIOUS ADVERSE REACTIONS, INCLUDING TENDINITIS, TENDON RUPTURE, PERIPHERAL NEUROPATHY, CENTRAL NERVOUS SYSTEM EFFECTS, AND EXACERBATION OF MYASTHENIA GRAVIS."
Naproxen,Naprosyn® & EC-Naprosyn®,Nonsteroidal Anti-inflammatory,Mild to moderate pain,"Rheumatoid arthritis, osteoarthritis, gout","250 mg, 375 mg, 500 mg; EC: 375 mg, 500 mg",Reversible inhibition of cyclooxygenase-1 and -2 enzymes,250 mg to 500 mg PO BID,"Shortness of breath, indigestion, tinnitus, edema, itching, constipation, dizziness, drowsiness, headache, nausea, and vomiting","NSAIDS MAY CAUSE AN INCREASED RISK OF SERIOUS CARDIOVASCULAR THROMBOTIC EVENTS, MYOCARDIAL INFARCTION, AND STROKE. NSAIDS HAVE BEEN INVOLVED IN RARE CASES OF GI BLEEDING INCIDENTS."
Prazosin Hydrochloride,Minipress®,Antihypertensive,Hypertension,,"1 mg, 2 mg, 5 mg",Selective antagonism of postsynaptic alpha-1 adrenergic receptors,"1 mg PO BID to TID initial, 6-20mg per day maintenance","Drowsiness, dizziness, headache, nausea, palpitations, and fatigue",
Hydroxychloroquine Sulfate,Plaquenil®,Rheumatoid Arthritis Agent,Systemic lupus erythematosus,"Rheumatoid arthritis, malaria",200 mg,"Unknown, may raise pH of certain components sensitive parasites and interfere with lysosomal degradation of hemoglobin",200 mg-400 mg PO QDay,"Headache, dizziness, nausea, visual disturbances, edema, weight loss, blood dyscrasias, nervousness, anorexia, and abnormal skin pigmentation",
Chlorthalidone,Hygroton®,Diuretic,Edema associated with congestive heart failure or hepatic cirrhosis,Hypertension,"25 mg, 50 mg","Thiazide-like diuretic, inhibits sodium and chloride reabsorption at cortical diluting segment of ascending Loop of Henle",50 mg PO QDay,"Dry mouth, muscle cramps, nausea, vomiting, anemia, weakness, dizziness, orthostatic hypotension, anorexia, GI distress including diarrhea and constipation, hyperglycemia, photosensitivity, rash, and transient blurred vision",
Icosapent Ethyl,Vascepa®,Antihyperlipidemic,"Reduce risk of myocardial infarction, stroke, coronary revascularization, unstable angina in patients with elevated TG >=150 mg/dL",Adjunct to reduce triglyceride levels in adults with severe (>500mg/dL) hypertriglyceridemia,1 g,"Ethyl ester of omega-3 fatty acid eicosapentaenoic acid (EPA), inhibits hepatic very low-density lipoprotein triglyceride synthesis and/or secretion and stimulates TG clearance",2 g PO BID with food,"Diarrhea, abdominal discomfort, pain in the extremities, increased bleeding, hypersensitivity, and atrial fibrillation or atrial flutter",
Benazepril Hydrochloride,Lotensin®,Antihypertensive,Hypertension,,"5 mg, 10 mg, 20 mg, 40 mg",ACE inhibitor (angiotensin-converting enzyme inhibitor),"10 mg PO QDay initial, maintenance between 20-80mg daily","Cough, headache, dizziness, fatigue, and nausea",DO NOT USE DURING PREGNANCY.
Hydromorphone HCl,Dilaudid®,Opioid Analgesic,Pain,,"2 mg, 4 mg, 8 mg; Extended-release tablets: 8 mg, 12 mg, 16 mg, 32 mg",Pure opioid agonist,Usual starting dose of 2 to 4 mg PO Q4H to Q6H,"Constipation, nausea, dizziness, somnolence, headache, fatigue, vomiting, diarrhea, pruritus, insomnia, anorexia, edema, dry mouth, and sweating","OPIOIDS CAN BE ADDICTIVE, ABUSED, AND MISUSED, WHICH CAN LEAD TO OVERDOSE AND DEATH. SERIOUS, LIFE-THREATENING RESPIRATORY DEPRESSION MAY OCCUR. ACCIDENTAL EXPOSURE CAN BE FATAL, ESPECIALLY IN CHILDREN. USE IN PREGNANCY CAN CAUSE NEONATAL WITHDRAWAL SYNDROME. CONCOMITANT USE WITH BENZODIAZEPINES, ALCOHOL, OR OTHER CNS DEPRESSANTS CAN RESULT IN RESPIRATORY DEPRESSION, COMA, AND DEATH."
Amiodarone,"Pacerone®, Cordarone®",Antiarrhythmic,Recurrent ventricular fibrillation,Recurrent hemodynamically unstable ventricular tachycardia,"100mg, 200 mg, 400mg","Class III antiarrhythmic, lengthening cardiac action potential",Usual maintenance dose of 400 mg per day,"Hypotension, cardiogenic shock, cardiac arrest, congestive heart failure, bradycardia, liver function test abnormalities, pulmonary fibrosis, ventricular tachycardia, AV block, nausea and vomiting, photosensitivity, fatigue, ataxia, dizziness, anorexia, constipation, and visual disturbances","AMIODARONE SHOULD ONLY BE PRESCRIBED AND ADMINISTERED BY PHYSICIANS WHO ARE FAMILIAR WITH ITS DOSING, ITS RISKS AND BENEFITS, AND WHO HAVE ADEQUATE MONITORING EQUIPMENT AVAILABLE. PULMONARY AND HEPATIC TOXICITY MAY OCCUR DURING THERAPY."
Anastrozole,Arimidex®,Antineoplastic,Adjuvant treatment of postmenopausal women with hormone receptor-positive early breast cancer,,1 mg,Selective non-steroidal aromatase inhibitor,1 mg PO QDay,"Vasodilation, nausea, vomiting, asthenia, localized pain, constipation, diarrhea, headache, and flu syndrome",
Sodium Fluoride Paste,SF 5000 Plus,Dentifrice,Preventative for dental caries,,1.1% sodium fluoride,Prevent tooth decay by slowing demineralization of tooth enamel,Use once per day or as directed,Rare allergic reactions,
Fluticasone furoate and vilanterol (Inhalation),Breo Ellipta®,Antiasthmatic / COPD Agent,COPD,Asthma,"100 mcg/25 mcg, 200mcg/25mcg","Fluticasone proprionate: synthetic, trifluorinated corticosteroid; Vilanterol: long-acting beta2-agonist, stimulates adenyl cyclase, relaxing bronchial, uterine, vascular smooth muscle",One inhalation daily,"Upper respiratory tract infection, nasopharyngitis, and headache",
Methenamine Hippurate,Hiprex®,Urinary Tract Antiseptic,Prophylactic or suppressive treatment of frequently recurring urinary tract infections,,1 g,Hydrolyzed to formaldehyde and hippuric acid in acidic environment,1 g PO BID,"Nausea, upset stomach, dysuria, and rash",
Lurasidone Hydrochloride,Latuda®,Antipsychotic,Schizophrenia,Bipolar depression,"20 mg, 40 mg, 80 mg, 120 mg","Atypical antipsychotic; unknown, but may be due to D2 inhibition and serotonin type 2 (5HT2a) receptors","40 mg PO QDay with food, up to 160mg","Somnolence, akathisia, nausea, parkinsonism, dizziness, insomnia, anxiety, and agitation",
Dulaglutide,Trulicity®,Antidiabetic,Type 2 diabetes mellitus,,"0.75mg/0.5mL, 1.5 mg/0.5 mL",GLP-1 receptor agonist,0.75 mg to 1.5 mg SQ QWeekly,"Common GI side effect: Nausea, diarrhea, vomiting, abdominal pain, dyspepsia. Rare but serious: medullary thyroid carcinoma, pancreatitis, and renal impairment",
Progesterone (oral),Prometrium®,Hormone Replacement,Prevention of endometrial hyperplasia in nonhysterectomized post menopausal women receiving conjugated estrogen tablets,Secondary amenorrhea,"100 mg, 200 mg",Increase synthesis of RNA by interacting with chromatin,Give 200 mg QDay in evening for 12 days sequentially per 28-day cycle,"Common: Dizziness, headache, abdominal pain, musculoskeletal pain, viral infection, breast pain, nausea, diarrhea, fatigue, cough and irritability. Less common but severe: thromboembolic disorder, blurred or loss of vision","Estrogens plus progestin therapy increases the risk of cardiovascular disorders, breast cancer, endometrial cancer and in women over 65 years of age, probable dementia"
Ramipril,Altace®,Antihypertensive,Hypertension,"Heart failure, reduction in the risk of myocardial infarction, stroke and death from cardiovascular causes","1.25 mg, 2.5 mg, 5 mg, 10 mg",ACE inhibitor (angiotensin-converting enzyme inhibitor),Maintenance dose is between 2.5 mg and 20 mg/day in one or two doses,"Cough, headache, dizziness, fatigue and angioedema","Fetal toxicity, Do not use during pregnancy"
Nortriptyline Hydrochloride,Pamelor®,Antidepressant,Relief of symptoms of depression,,"10 mg, 25 mg, 50 mg",Inhibits membrane pump mechanism responsible for reuptake of norepinephrine and serotonin at presynaptic nerve terminals,75 to 150 mg daily given in single or multiple doses,"Drowsiness, dry mouth, blurred vision, tachycardia, nausea, vomiting, dizziness, weakness, headache, constipation, urinary retention, and weight gain","ANTIDEPRESSANTS INCREASE SUICIDAL THOUGHTS AND ACTIONS IN CHILDREN, ADOLESCENTS, AND YOUNG ADULTS."
Clozapine,Clozaril®,Antipsychotic,Schizophrenia,,"25 mg, 50 mg, 100 mg, 200 mg",Antagonism of dopamine D2 and serotonin 5-HT2A receptors,"Begin with 12.5 mg once or twice daily, up to 450mg daily","Drowsiness, salivation, tachycardia, dizziness, constipation, orthostatic hypotension, headache, tremor, syncope, sweating, or dry mouth, nausea, fever or visual disturbances, heartburn, nightmares, restlessness, hypertension, hypokinesia/akinesia or weight gain, seizures, rigidity, confusion or leukopenia/neutropenia",
Hydralazine Hydrochloride,Apresoline®,Antihypertensive,Essential Hypertension,,"10 mg, 25 mg, 50 mg, 100 mg","Direct vasodilation of arterioles with decreased systemic resistance, may occur due to targeting intracellular calcium","25 mg PO QID, max dose of 200mg per day","Nausea, vomiting, angina pectoris, diarrhea, tachycardia, palpitation, headache, and anorexia",
Labetalol Hydrochloride,"Normodyne®, Trandate®",Antihypertensive,Hypertension,,"100 mg, 200 mg, 300 mg","Mixed alpha-1, beta-1 and beta-2 antagonist",Usual maintenance dose: 200 mg or 400 mg PO BID,"Dizziness, fatigue, nausea, and nasal stuffiness",
Glipizide,Glucotrol® (XL),Antidiabetic,Diabetes mellitus,,"5 mg, 10 mg; XL: 2.5 mg, 5 mg, 10 mg","Sulfonylurea, stimulates insulin synthesis and release from beta cells in pancreatic islets",5-20 mg PO per day,"Nausea, diarrhea, heartburn, pruritus, urticaria and mild hypoglycemic reaction",
Ketoconazole,Nizoral®,Antifungal,Systemic fungal infections,"Seborrheic dermatitis, tinea corporis and tinea cruris",Tablet: 200 mg; Cream and shampoo: 2%,Impairs synthesis of ergosterol (main sterol of fungal membranes),Tablet: 200 to 400 mg PO QDay; Cream: Apply BID for 4 weeks or until clinical clearing,Oral doses: nausea and vomiting. Topical preparation: severe irritation,
"Insulin Aspart, (rDNA origin)",Novolog®,Antidiabetic,Type 1 or Type 2 diabetes mellitus,,100 units/mL,Insulin promotes transport of glucose across cell membranes and facilitates transformation of intracellular amino acids into proteins,Dosage must be individualized; given close to meal (within 5-10 minutes),"Hypoglycemia, localized allergy at injection site",
Lansoprazole,Prevacid®,Gastric Antisecretory,Active duodenal ulcer,"GERD, gastric ulcers","15 mg, 30 mg",Proton-pump inhibitor; inhibits H+/K+ ATPase enzyme,30 mg PO QDay,"Diarrhea, abdominal pain, nausea, and headache",
Phenobarbital,Phenobarbital,Anticonvulsant,Sedation,Convulsive disorders,"15, 30, 60 and 100mg","May be due to binding to GABA-A receptor to prolong time of channel opening, producing sensory cortex depression",30-120 mg PO daily in two to three divided doses,"Somnolence, drowsiness, dizziness, light-headedness, and residual sedation",* BEERS LIST
Irbesartan,Avapro®,Antihypertensive,Hypertension,,"75 mg, 150 mg, 300 mg",ARB (angiotensin receptor blocker),150 mg PO QDay,"Upper respiratory tract infection, fatigue",DO NOT USE DURING PREGNANCY.
Fluticasone Propionate (inhalation),Flovent®,Antiasthmatic,Asthma,,"MDI: 44mcg, 110mcg, 220 mcg; Diskus: 50mcg, 100mcg or 250mcg","Adrenocorticoid that binds to receptor proteins to form steroid-receptor complex which stimulates mRNA transcription, causing anti-inflammatory activity",Two puffs of 110 or 220 MDI BID or one inhalation of 100 or 250 mcg Diskus BID,"Pharyngitis, nasal congestion, and upper respiratory infection",
"Fluticasone furoate, umeclidinium bromide, and vilanterol",Trelegy Ellipta®,Antiasthmatic / COPD Agent,Asthma,,100mcg/62.5mcg/25mcg and 200 mcg/62.5 mcg/25 mcg,Fluticasone: corticosteroid with anti-inflammatory activity; Umeclidinium: reversible competitive inhibitor of Ach at M3 receptors; Vilanterol: long-acting beta-2 agonist,One inhalation once daily,"Upper respiratory tract infection, nasopharyngitis, and headache",
Benztropine Mesylate,Cogentin®,Antiparkinson Agent,Control of extrapyramidal disorders due to neuroleptic drugs,,"0.5 mg, 1 mg, 2 mg",Active inhibitor of cholinergic and histaminic receptors,1 mg to 4 mg PO or parenterally daily or BID,"Dry mouth, blurry vision, constipation, nausea, numbness of the fingers, depression, and nervousness. * Side effects may decrease with prolonged use",
Chlorhexidine Gluconate,"Peridex®, Periogard®",Antiplaque Rinse,Gingivitis,,0.12%,Anti-microbial against gram-(+) and gram-(-) bacteria,"Twice daily oral rinsing for 30 seconds, morning and evening after brushing","May cause staining of oral surfaces, alteration of taste perception, and increase in calculus formation and minor irritation of the oral mucosa",
Ibuprofen,Motrin®,Nonsteroidal Anti-inflammatory,Mild to moderate pain,"Primary dysmenorrhea, rheumatoid arthritis, osteoarthritis","400 mg, 600 mg, 800 mg",Reversible inhibition of cyclooxygenase-1 and -2 enzymes,1200 mg to 3200 mg daily PO in three to four divided doses,"Indigestion, constipation, abdominal cramps, flatulence, dizziness, Rash, pruritus, heartburn, nausea, diarrhea, tinnitus, and anorexia","May cause an increased risk of serious cardiovascular thrombotic events, myocardial infarction, and stroke. NSAIDs have been involved in rare cases of GI bleeding incidents"
"Vitamin D, Ergocalciferol",Drisdol®,Vitamin,NON-FDA: Vitamin D deficiency,"Refractory rickets, hypoparathyroidism","50,000 international units (IU)","Involved in absorption of calcium and phosphorus from small intestine, promotes secretion of calcium from bone to blood, promotes renal tubule phosphate resorption","50,000 IU weekly for eight weeks","Impairment of renal function, mental retardation, bone demineralization, calcification of the soft tissues, nausea, anorexia, constipation, anemia, and weight loss",
Methotrexate Sodium,Trexall®,Antineoplastic,Severe active rheumatoid arthritis or psoriasis,Advance stage non-Hodgkin's lymphomas; breast cancer,2.5 mg,"Inhibits dihydrofolic acid reductase, interfering with DNA synthesis, repair, and cellular replication","Starting dose of 7.5mg weekly, up to 25mg weekly","Ulcerative stomatitis, leukopenia, nausea, abdominal distress, malaise, fatigue, chills and fever, dizziness, sun sensitivity, and decreased resistance to infection","Because of the possibility of serious toxicity reactions (which can be fatal), Methotrexate should only be used in life-threatening neoplastic diseases, or in patients with psoriasis or rheumatoid arthritis with severe, recalcitrant, disabling disease which is not adequately responsive to other forms of therapy."
Lidocaine (Transdermal),Lidoderm®,Topical Analgesic,Relief of pain associated with post-herpetic neuralgia,,5% patch,Exhibits neuronal membrane-stabilizing properties by combining with fast sodium channels during inactive state to inhibit repolarization,Apply up to 3 patches to intact skin to cover most painful area. Patches should be left on for 12 hours within a 24 hour period,"Erythema, edema, bruising, papules, vesicles, discoloration, burning, pruritus, dermatitis, petechia, blisters and exfoliation",
Fenofibrate,Tricor®,Antihyperlipidemic,"Adjunctive therapy to diet to reduce elevated LDL-C, total-C, TG, and Apo B, and to increase HDL-C in adults with primary hypercholesterolemia or mixed dyslipidemia",,"48 mg, 145 mg",Activates peroxisome proliferator activated receptor-a (PPARa),145 mg PO QDay with meals,"Rash, muscle pain, tenderness or weakness, respiratory disorders, abdominal pain, back pain and headache",
Raloxifene Hydrochloride,Evista®,Osteoporosis Agent,Prevention and treatment of osteoporosis in postmenopausal women,,60 mg,Selective estrogen receptor modulator,One 60 mg tablet PO QDay without regards to meals or time of day,"Hot flashes, leg cramps, weight gain, peripheral edema, sinusitis, rash, and sweating",
Budesonide (inhalation),Pulmicort®,Antiasthmatic,Asthma,,90 or 180 mcg/actuation,"Adrenocorticoid that binds to receptor proteins to form steroid-receptor complex which stimulates mRNA transcription, causing anti-inflammatory activity",180 mcg (children) or 360 mcg (adults) BID as directed,"Turbohaler: Headache, asthenia, pain, dyspepsia, nausea, oral candidiasis, arthralgia, cough, respiratory infection, rhinitis and sinusitis. Respules: respiratory infection, rhinitis, cough, otitis media, vomiting, diarrhea, abdominal pain and rash",Long-acting beta-2-adrenergic agonists increase the risk of asthma-related death
Ziprasidone Hydrochloride,Geodon®,Antipsychotic,Schizophrenia,Acute and maintenance treatment of mania or mixed episodes with bipolar disorder,"20 mg, 40 mg, 60 mg, 80 mg","Unknown, thought to act by antagonism of dopamine D2 receptors and serotonin 5HT2 receptors",40 mg to 80 mg PO BID with food,"Drowsiness, nausea, constipation, dyspepsia, dizziness, akathisia, cold symptoms, extrapyramidal syndrome, diarrhea, rhinitis, asthenia, dry mouth, dystonia, and non-allergic rash",Contraindicated in patients with dementia-related psychosis
Dexmethylphenidate Hydrochloride,Focalin® (XR),CNS Agent for ADHD,ADHD,,"Tablets: 2.5 mg, 5 mg, 10 mg; Capsules extended-release (XR): 5 mg, 10 mg, 15 mg, 20 mg, 25mg, 30 mg, 35mg, 40 mg","Unknown, thought to block norepinephrine and dopamine reuptake into presynaptic neuron and increase release of these monoamines into extraneuronal space",Starting adult dose: 10 mg PO given early in the morning,"Common: dry mouth, dyspepsia, headache, anxiety, dizziness, decreased appetite, insomnia, and throat pain. Rare but serious: Seizures, chest pain, and blurred vision",CNS stimulants have a high potential for abuse and dependence
Ursodiol,Actigall®,Gallstone Agent,"Radiolucent, noncalcified gallbladder stones <20 mm",Prevention of gallstone formation in obese patients experiencing rapid weight loss,"Tablet: 250 mg, 500 mg; Capsules: 300 mg",Bile acid that dissolves cholesterol-formed gallstones in gallbladder or bile ducts,300 mg PO BID,"Diarrhea, vomiting, and back pain",
Insulin Detemir,Levemir®,Antidiabetic,Type 1 or Type 2 diabetes mellitus,,100 units/mL,Insulin promotes transport of glucose across cell membranes and facilitates transformation of intracellular amino acids into proteins,Starting dose: 0.1-0.2 U/kg SQ once daily in the evening or 10 units SQ once-or-twice daily,Pain at the injection site and hypoglycemic reaction,
Hydroxyzine Pamoate,Vistaril®,Antiallergy/Antianxiety Agent,Symptomatic relief of anxiety,Pruritus due to allergic conditions,"25, 50, 100mg",H1 (histamine) receptor antagonist in subcortical region of CNS,50 mg-100 mg PO up to QID,Dry mouth and drowsiness. * BEERS List,
Norgestimate and Ethinyl Estradiol,"Ortho-Cyclen®, Sprintec®","Oral Contraceptive",Prevention of pregnancy,,"Each tablet: norgestimate 0.25 mg and ethinyl estradiol 35 mcg. White tablet: norgestimate 0.18 mg, ethinyl estradiol 35 mcg; Light blue tablet: 0.215 mg norgestimate, ethinyl estradiol 35 mcg; Blue tablet: norgestimate 0.25 mg, ethinyl estradiol 35 mcg",Luteinizing hormone (LH) and follicle stimulation hormone (FSH) suppression inhibits ovulation,One tablet PO QDay for 28 days beginning on 5th day of cycle,"Abdominal cramping, acne, anorexia, nausea, vomiting, edema, unusual tiredness or weakness and cardiovascular or thromboembolic disorders",
"Norethindrone, Ethinyl Estradiol, Ferrous Fumarate","Loestrin FE®, Loestrin FE 24, Microgestin® FE, Junel® FE, Minastrin 24","Oral Contraceptive",Prevention of pregnancy,,"FE 1/20: 21 active tables of 1mg norethidrone, 20mcg ethinyl estradiol and 7 inactive tablets 75mg ferrous fumarate. FE 1.5/30: 21 active tablets of 1mg norethidrone, 20mcg ethinyl estradiol and 7 inactive tablets 75mg ferrous fumarate. FE 24: 24 active tablets of 1mg norethidrone and 20mcg ethinyl estradiol with 4 inactive tablets of 75mg ferrous fumarate",Luteinizing hormone (LH) and follicle stimulation hormone (FSH) suppression inhibits ovulation,Take one tablet PO QDay for 28 days beginning on fifth day of cycle,"Abdominal cramping, acne, anorexia, nausea, vomiting, edema, unusual tiredness or weakness and cardiovascular or thromboembolic disorders",
Bumetanide,Bumex®,Diuretic,Edema associated with congestive heart failure,Edema associated with cirrhosis of liver and renal disease,"0.5 mg, 1 mg, 2 mg",Inhibits reabsorption of sodium and chloride in ascending limb of loop of Henle,0.5 mg to 2 mg PO daily given in one or two doses,"Dizziness, hypotension, muscle cramps, weakness, impaired hearing, hyperuricemia, hypochloremia, hypochloremia, hyponatremia, hypokalemia, azotemia, and hyperglycemia",
Terazosin Hydrochloride,Hytrin®,Antihypertensive,Hypertension,Benign prostatic hyperplasia,"1 mg, 2 mg, 5 mg, 10 mg",Competitive alpha-1-adrenoreceptor blocker,Recommended dose range: 1 mg to 5 mg PO QDay,"Asthenia, palpitations, nausea, headache, nasal congestion, peripheral edema, and dizziness",
Promethazine HCl,Phenergan®,Antiemetic,Control of nausea/vomiting seasonal allergic rhinitis or motion sickness,,"12.5 mg, 25 mg, 50 mg",Competitive inhibitor of histamine at H1 receptor site,12.5 mg to 25 mg PO Q4H to Q6H PRN for N/V,"Drowsiness, rash, nausea, vomiting, blurred vision, dry mouth, and dizziness",
Clindamycin Hydrochloride (oral),Cleocin®,Antibiotic,Serious respiratory tract and skin and soft tissue infections,Intra-abdominal infections,"75 mg, 150 mg, 300 mg",Binds to 50 S subunit of susceptible bacterial ribosomes and suppresses protein synthesis,150 mg to 450 mg PO Q6H,"May cause abdominal pain, nausea, vomiting, diarrhea, pruritus, and vaginitis",
Metoclopramide Hydrochloride,Reglan®,Antiemetic,Diabetic gastroparesis,Prevention of N/V associated with emetogenic cancer chemotherapy,"5 mg, 10 mg",Inhibition of dopamine receptors,5 mg-10 mg taken PO 30 minutes before each meal and at bedtime for 2-8 weeks,"Restlessness, drowsiness, tardive dyskinesia, and fatigue. * BEERS LIST",Tardive dyskinesia
Dicyclomine Hydrochloride,Bentyl®,GI Antispasmodic,Functional and irritable bowel syndromes,,"10 mg, 20 mg","Inhibits acetylcholine at parasympathetic sites in smooth muscle, secretory glands, and CNS",10 mg-20 mg PO TID to QID,"Dizziness, headache, nausea, vomiting, dry mouth, drowsiness, constipation, and difficulty in urination",
Clobetasol Propionate (topical),Temovate®,Anti-inflammatory,Short-term treatment of inflammatory and pruritic manifestations of moderate to severe corticosteroid-responsive dermatoses,Moderate-severe plaque-type psoriasis,0.05% gel/cream/ointment/emollient cream/solution,"Adrenocorticoid that binds to receptor proteins to form steroid-receptor complex which stimulates mRNA transcription, causing anti-inflammatory activity",Gently rub in affected area BID for no more than two consecutive weeks,Local burning and itching,
Dapagliflozin,Farxiga®,Antidiabetic,Type 2 diabetes mellitus,,"5 mg, 10 mg",Sodium-glucose co-transporter 2 (SGLT2) inhibitor,One tablet PO QAM,"UTI, genital mycotic infection, increased urination, dyslipidemia, discomfort with urination and constipation",
Azelastine Hydrochloride,Astelin® and Astepro®,Antiallergy Agent,Symptoms of nonallergic rhinitis,Symptoms of seasonal allergic rhinitis,0.1% and 0.15% nasal spray,Histamine H1-receptor antagonist that blocks histamine release in peripheral tissues,Two sprays per nostril BID,"Bitter taste in mouth, headache, drowsiness, nasal burning, pharyngitis, dry mouth, sneezing, nausea, rhinitis, fatigue, dizziness, nosebleed, and weight increase",
Sulfasalazine,Azulfidine®,GI - Anti-inflammatory,Mildly-moderately active ulcerative colitis,Rheumatoid arthritis,500 mg,"Unknown, may block cyclooxygenase and inhibit prostaglandin formation",2 g PO daily in at least three divided doses,"Anorexia, headache, nausea, vomiting, gastric pain, and reversible oligospermia",
Methocarbamol,Robaxin®,Muscle Relaxant,"Adjunct to rest and physical therapy for the relief of discomforts associated with acute, painful musculoskeletal conditions",Adjunct to conventional therapy in the treatment of tetanus,"500 mg, 750 mg tablet",It is thought to work at the level of the spinal cord by inhibiting the flexor and crossed extensor reflexes.,Maintenance dose: 750-1000 mg PO QID,"Dizziness, drowsiness, nausea, pruritus, rash, blurred vision, headache, and fever. *BEERS LIST",
Liraglutide (rDNA origin),"Victoza®, Saxenda®*",Antidiabetic,Type 2 diabetes mellitus,,Victoza®: 18 mg/3 mL pen,GLP-1 receptor agonist: Increases intracellular cAMP resulting in the release of insulin from the pancreatic beta cells.,"One dose administered SQ once daily. Starting dose is 0.6 mg daily, increase to 1.2 mg daily after one week, and may increase to 1.8 mg if 1.2 mg does not produce sufficient glycemic control.","Common: Nausea, diarrhea, vomiting and constipation. Rare but serious: medullary thyroid carcinoma, pancreatitis, and renal impairment",Contraindicated in patients with a personal or family history of medullary thyroid carcinoma; increases the risk of medullary thyroid carcinoma
Isosorbide Mononitrate,Imdur®,Antianginal,Prophylactic treatment of angina pectoris due to coronary artery disease,,"30 mg, 60 mg, 120 mg tablet",Reduces myocardial oxygen demand through the relaxation of vascular smooth muscle. Dilation of peripheral arteries and veins reduces left ventricular back pressure to promote more efficient blood flow to the myocardium.,30-120 mg PO once daily in the morning,Headache and dizziness,
Sacubitril and valsartan,Entresto®,Cardiovascular - Heart Failure,To reduce the risk of cardiovascular death and hospitalization for heart failure in adults with chronic heart failure,,"24/26 mg, 49/51 mg, 97/103 mg tablet",Angiotensin Receptor/Neprilysin Inhibitor (ARNI): Valsartan: Angiotensin Receptor Blocker (ARB); Sacubitril inhibits neprilysin to increase protective peptide levels in patients with heart failure,One tablet PO BID,"hypotension, hyperkalemia, cough, dizziness, renal failure, and angioedema",DO NOT USE DURING PREGNANCY.
Arformoterol,Brovana®,COPD Agent,Long-term maintenance treatment of bronchoconstriction in patients with COPD including chronic bronchitis and emphysema,,15 mcg/2 mL vial,Selective long-acting beta-2-adrenergic agonist,One vial (15 mcg) inhaled BID via nebulization,"Generalized pain, back pain, diarrhea, sinusitis, leg cramps, dyspnea, rash, and flu-like syndrome",
Methadone Hydrochloride,Methadose,Opioid Analgesic,Relief of severe pain,Detoxification treatment of narcotic addiction,"5 mg, 10 mg, 40 mg tablet","Synthetic opiate, analgesia produced centrally via action on the central opiate receptors.",2.5-10 mg q3-4h PRN,"Dizziness, drowsiness, lightheadedness, nausea, vomiting, and sweating","Opioid can be addictive, abused and misused which can lead to overdose and death. Serious, life-threatening respiratory depression may occur. Accidental exposure can be fatal, especially in children. Use in pregnancy can cause neonatal withdrawal syndrome. Concomitant use with benzodiazepines, alcohol, or other CNS depressants can result in respiratory depression, coma and death."
Sotalol hydrochloride,Betapace®,Antiarrhythmic (Class II and III),"Treatment of documented, potentially life-threatening ventricular arrhythmias such as ventricular tachycardia",,"80 mg, 120 mg, 160 mg, 240 mg tablet",Racemic mixture of d- and l-sotalol to exhibit both beta-adrenergic blocking (Class II) and cardiac potential duration prolongation (Class III),80-160 mg PO BID,"Fatigue, bradycardia, dyspnea, proarrhythmias, asthenia and dizziness",May cause life-threatening ventricular tachycardia associated with QT interval prolongation
Olmesartan Medoxomil,Benicar®,Antihypertensive,Hypertension,,"5 mg, 20 mg, 40 mg tablet",Angiotensin Receptor Blocker (ARB),Starting dose of 20 mg PO once daily,Dizziness,DO NOT USE DURING PREGNANCY.
Ipratropium Bromide with Albuterol Sulfate,"Combivent®, DuoNeb®",COPD Agent,Treatment of bronchospasm associated with COPD in patients requiring more than one bronchodilator,,Combivent®: 20 mcg/100 mcg per actuation (actual dose is 18 mcg ipratropium bromide/103 mcg albuterol sulfate). DuoNeb®: Each 3 mL vial contains 3 mg of both 0.5 mg (0.017%) ipratropium bromide and 2.5 mg (0.083%) albuterol sulfate,Albuterol sulfate: short-acting beta-agonists (SABA); Ipratropium bromide: blocks action of acetylcholine at parasympathetic sites in bronchial smooth muscle causing bronchodilation,Combivent®: recommended dose is 2 sprays inhaled QID. DuoNeb®: recommended dose is one 3 mL vial inhaled through nebulizer QID,"Chest pain, diarrhea, dyspepsia, nausea, leg cramps, bronchitis, pharyngitis, pneumonia, and UTI",
Cholestyramine Resin,Questran®,Antihyperlipidemic,Adjunct to diet for the treatment of primary hypercholesterolemia,Relief of pruritus associated with partial biliary obstruction,4 g packet powder for oral suspension,"Forms insoluble resin complex with bile acids in intestinal tract leading to decreased reabsorption and increased excretion of the bile acids in the feces. Since cholesterol is the major precursor of bile acids, more cholesterol is oxidized and excreted in the intestine as bile acids.",One packet or scoopful equivalent to 4 g of cholestyramine resin mixed in 2-6 oz of a noncarbonated beverage taken 1-6 times a day,"Constipation, flatus, abdominal cramps, nausea, heartburn, anorexia, diarrhea, and vomiting",
